match_number,match_id,team,Accurate passes,Aerial duels,Ball possession,Big chances,Big chances missed,Big chances scored,Blocked shots,Clearances,Corner kicks,Crosses,Dispossessed,Dribbles,Duels,Expected goals,Final third entries,Fouled in final third,Free kicks,Goal kicks,Goalkeeper saves,Ground duels,Hit woodwork,Interceptions,Long balls,Offsides,Passes,Recoveries,Red cards,Shots inside box,Shots off target,Shots on target,Shots outside box,Tackles,Tackles won,Through balls,Throw-ins,Total saves,Total shots,Total tackles,Yellow cards
1,12436870,man-utd,141,12/23 (52%),48%,2,2,,2,14,5,1/12 (8%),8,4/10 (40%),48%,1.31,20,0,4,3,1,21/46 (46%),0,9,12/26 (46%),0,185,40,,3,3,3,5,13,77%,0,9,1,8,13,0
1,12436870,fulham,150,11/23 (48%),52%,0,0,,3,13,7,5/17 (29%),7,5/11 (45%),52%,0.34,23,3,6,4,2,25/46 (54%),0,4,10/19 (53%),0,196,38,,4,3,1,3,14,71%,0,9,2,7,14,2
2,12436871,ipswich,137,5/15 (33%),34%,0,0,0,2,18,1,0/2 (0%),0,2/6 (33%),45%,0.15,16,0,4,5,3,15/29 (52%),0,6,5/17 (29%),5,167,17,,2,1,0,1,9,33%,0,9,3,3,9,0
2,12436871,liverpool,288,10/15 (67%),66%,6,4,2,5,8,4,4/11 (36%),4,9/14 (64%),55%,2.56,29,0,1,1,0,14/29 (48%),0,1,17/28 (61%),0,323,19,,12,5,5,3,4,50%,3,13,0,15,4,1
3,12436872,arsenal,123,7/12 (58%),41%,0,0,0,4,9,4,1/5 (20%),5,4/11 (36%),44%,0.52,18,1,5,3,2,20/50 (40%),0,2,6/19 (32%),0,157,21,,5,2,2,3,11,73%,,10,2,8,11,2
3,12436872,wolves,185,5/12 (42%),59%,0,0,0,0,7,2,3/10 (30%),6,6/11 (55%),56%,0.28,36,1,12,4,1,30/50 (60%),0,3,12/28 (43%),1,221,22,,4,4,2,2,12,50%,,8,1,6,12,0
4,12436873,everton,114,6/11 (55%),31%,0,0,0,3,7,0,1/4 (25%),4,0/4 (0%),46%,0.21,28,0,2,0,2,13/30 (43%),0,5,16/37 (43%),1,153,26,1,2,0,0,1,11,64%,,10,2,3,11,1
4,12436873,brighton,309,5/11 (45%),69%,1,1,0,1,6,4,3/11 (27%),6,2/7 (29%),54%,0.37,23,3,7,3,0,17/30 (57%),0,6,12/19 (63%),1,344,29,0,5,0,4,0,8,88%,,6,0,5,8,0
5,12436874,newcastle,31,5/9 (56%),16%,0,0,0,0,27,0,0/3 (0%),5,0/3 (0%),50%,0.00,17,1,8,6,3,18/37 (49%),0,3,7/22 (32%),0,60,21,0,0,0,0,0,10,80%,,5,3,0,10,1
5,12436874,southampton,282,4/9 (44%),84%,2,2,0,9,4,11,3/23 (13%),6,4/8 (50%),50%,1.38,35,2,7,2,0,19/37 (51%),0,1,10/13 (77%),0,316,22,0,11,2,4,4,8,25%,,8,0,15,8,2
6,12436875,forest,191,12/19 (63%),49%,0,0,0,2,20,2,3/8 (38%),4,2/4 (50%),55%,0.35,30,1,4,8,1,20/39 (51%),0,2,14/27 (52%),0,243,28,,4,0,3,1,14,43%,,13,1,5,14,1
6,12436875,bournemouth,193,7/19 (37%),51%,1,0,1,0,10,3,3/18 (17%),8,5/11 (45%),45%,0.67,33,1,8,2,3,19/39 (49%),0,7,14/36 (39%),1,246,38,,2,4,2,4,6,33%,,12,3,6,6,2
7,12436877,west-ham,171,7/14 (50%),51%,3,3,0,2,12,3,4/14 (29%),7,4/9 (44%),43%,1.50,14,0,5,2,0,16/40 (40%),0,1,10/23 (43%),0,203,29,,7,6,1,2,7,57%,0,4,0,9,7,0
7,12436877,aston-villa,164,7/14 (50%),49%,2,1,1,3,9,2,1/5 (20%),4,3/6 (50%),57%,0.81,33,1,10,5,2,24/40 (60%),0,3,7/23 (30%),1,203,25,,6,3,1,1,12,75%,1,9,2,7,12,1
8,12436879,brentford,123,12/23 (52%),40%,1,0,1,1,12,2,3/11 (27%),6,1/7 (14%),51%,1.09,23,2,6,3,5,16/32 (50%),0,5,10/28 (36%),0,172,31,,5,2,3,1,9,56%,0,8,5,6,9,0
8,12436879,crystal-palace,212,11/23 (48%),60%,1,1,0,3,19,6,1/10 (10%),4,1/6 (17%),49%,0.81,34,0,3,5,2,16/32 (50%),0,0,8/26 (31%),2,263,31,,4,2,5,6,12,75%,1,7,2,10,12,3
9,12436880,chelsea,197,2/5 (40%),44%,1,1,0,2,8,2,4/11 (36%),3,3/5 (60%),46%,0.72,26,0,5,2,1,17/36 (47%),0,6,8/18 (44%),0,228,21,,3,2,2,3,9,56%,0,8,1,6,9,1
9,12436880,man-city,268,3/5 (60%),56%,0,0,0,0,10,1,1/4 (25%),6,9/12 (75%),54%,0.22,22,1,5,2,2,19/36 (53%),0,7,9/22 (41%),1,303,22,,1,1,2,2,5,60%,0,13,2,3,5,1
10,12436881,leicester,111,6/11 (55%),31%,2,1,1,1,22,2,8/13 (62%),6,2/7 (29%),54%,0.98,17,2,9,2,2,24/45 (53%),0,5,6/21 (29%),1,147,25,,6,2,3,0,13,69%,1,8,2,6,13,1
10,12436881,tottenham,303,5/11 (45%),69%,1,1,0,2,13,4,2/10 (20%),7,6/12 (50%),46%,0.60,32,3,4,4,2,21/45 (47%),0,1,3/8 (38%),0,345,26,,5,1,2,0,11,45%,0,13,2,5,11,1
11,12436888,brighton,187,6/8 (75%),50%,1,0,1,3,4,4,5/10 (50%),2,7/15 (47%),58%,1.28,27,4,7,1,1,26/47 (55%),1,4,15/21 (71%),0,218,26,,8,4,4,3,12,83%,0,12,1,11,12,1
11,12436888,man-utd,202,2/8 (25%),50%,1,1,0,2,8,1,0/2 (0%),6,6/12 (50%),42%,0.99,22,0,5,2,2,21/47 (45%),0,7,11/17 (65%),3,227,29,,4,1,3,2,10,50%,0,5,2,6,10,2
12,12436892,crystal-palace,238,6/17 (35%),68%,1,1,,1,2,0,3/13 (23%),6,2/7 (29%),48%,0.59,41,3,11,5,1,26/49 (53%),1,3,18/34 (53%),2,280,23,,3,4,1,3,13,46%,0,11,1,6,13,1
12,12436892,west-ham,94,11/17 (65%),32%,0,0,,1,16,1,1/6 (17%),5,8/16 (50%),52%,0.62,23,0,4,8,1,23/49 (47%),0,5,14/26 (54%),2,131,28,,7,5,3,2,11,55%,2,4,1,9,11,1
13,12436894,fulham,191,6/14 (43%),49%,2,1,1,1,4,5,4/9 (44%),5,2/8 (25%),38%,0.61,25,3,6,3,1,17/46 (37%),0,6,10/22 (45%),0,225,26,,7,6,1,1,9,56%,,9,1,8,9,2
13,12436894,leicester,196,8/14 (57%),51%,0,0,0,1,10,2,2/7 (29%),6,7/10 (70%),62%,0.27,19,1,11,8,0,29/46 (63%),0,2,9/20 (45%),2,232,21,,3,3,1,2,11,64%,,6,0,5,11,2
14,12436898,man-city,376,1/4 (25%),77%,1,1,0,2,5,7,2/9 (22%),5,6/8 (75%),57%,0.53,33,3,6,1,0,16/26 (62%),0,4,5/6 (83%),3,402,17,,3,0,2,1,4,75%,0,8,0,4,4,2
14,12436898,ipswich,96,3/4 (75%),23%,0,0,0,0,20,1,1/4 (25%),2,1/3 (33%),43%,0.00,7,0,2,0,1,10/26 (38%),0,5,2/12 (17%),0,115,13,,0,0,0,0,7,43%,0,7,1,0,7,2
15,12436900,southampton,311,4/9 (44%),73%,0,0,0,1,7,3,1/11 (9%),9,6/11 (55%),47%,0.04,26,2,8,4,3,22/46 (48%),0,1,4/10 (40%),0,347,25,,1,0,0,0,8,50%,0,5,3,1,8,1
15,12436900,forest,99,5/9 (56%),27%,1,0,1,5,19,3,1/5 (20%),3,4/9 (44%),53%,0.92,15,0,6,3,0,24/46 (52%),0,8,10/24 (42%),1,131,26,,5,2,4,6,14,57%,0,6,0,11,14,3
16,12436902,tottenham,245,5/9 (56%),66%,2,0,2,1,3,4,3/7 (43%),11,4/12 (33%),51%,0.77,26,1,11,0,1,30/60 (50%),0,2,8/15 (53%),0,282,32,,3,1,2,1,15,67%,1,4,1,4,15,
16,12436902,everton,115,4/9 (44%),34%,0,0,0,1,3,1,1/5 (20%),4,5/16 (31%),49%,0.08,24,0,6,1,0,30/60 (50%),0,7,10/25 (40%),3,146,28,,2,0,1,0,19,63%,0,8,0,2,19,
17,12436886,aston-villa,166,4/6 (67%),49%,1,1,,4,6,4,3/7 (43%),6,7/13 (54%),60%,0.85,18,0,8,4,0,28/47 (60%),1,2,6/16 (38%),2,194,23,,5,2,2,3,14,50%,1,4,0,8,14,1
17,12436886,arsenal,189,2/6 (33%),51%,1,1,,1,11,0,0/6 (0%),8,2/8 (25%),40%,0.51,22,1,5,3,2,19/47 (40%),0,2,11/15 (73%),0,207,19,,2,2,2,3,12,58%,1,5,2,5,12,2
18,12436884,bournemouth,78,9/13 (69%),31%,1,1,0,4,22,7,3/11 (27%),4,0/5 (0%),43%,1.27,29,1,5,5,3,13/38 (34%),0,3,14/32 (44%),,109,28,,8,5,2,3,8,88%,0,8,3,11,8,1
18,12436884,newcastle,200,4/13 (31%),69%,4,3,1,4,9,6,7/22 (32%),5,5/8 (63%),57%,1.54,29,2,11,7,2,25/38 (66%),0,1,15/25 (60%),,249,27,,10,3,4,1,9,67%,1,12,2,11,9,2
19,12436904,wolves,141,2/5 (40%),39%,1,1,0,1,5,1,0/5 (0%),3,4/10 (40%),43%,0.21,19,1,5,2,0,18/42 (43%),0,6,7/21 (33%),2,180,28,,2,2,1,2,9,44%,0,8,0,4,9,1
19,12436904,chelsea,248,3/5 (60%),61%,3,0,3,2,5,1,0/1 (0%),2,7/14 (50%),57%,0.89,25,3,8,6,1,24/42 (57%),1,3,12/29 (41%),0,292,29,,6,2,4,2,9,67%,0,6,1,8,9,1
20,12436896,liverpool,320,3/8 (38%),68%,3,2,1,6,4,5,3/10 (30%),2,7/9 (78%),61%,1.94,40,0,2,3,1,17/25 (68%),2,5,12/26 (46%),1,351,29,,13,2,6,1,8,38%,,7,1,14,8,0
20,12436896,brentford,133,5/8 (63%),32%,1,1,0,1,10,2,2/4 (50%),2,1/7 (14%),39%,0.21,21,0,3,2,5,8/25 (32%),0,2,11/22 (50%),2,168,26,,2,1,1,1,4,50%,,9,5,3,4,1
21,12436906,arsenal,49,7/17 (41%),24%,2,2,0,1,15,1,1/2 (50%),2,3/6 (50%),43%,1.16,13,0,2,8,3,13/29 (45%),0,3,10/29 (34%),0,85,19,1,5,2,2,0,8,38%,0,8,3,5,8,3
21,12436906,brighton,239,10/17 (59%),76%,3,2,1,7,5,6,6/17 (35%),2,5/11 (45%),57%,1.67,29,2,6,2,2,16/29 (55%),0,0,13/14 (93%),1,265,23,0,13,8,4,6,5,80%,1,7,2,19,5,2
22,12436908,brentford,151,5/6 (83%),35%,3,1,2,4,13,0,1/4 (25%),5,1/4 (25%),44%,1.80,18,0,2,2,2,11/30 (37%),0,5,10/14 (71%),0,176,19,,9,2,4,1,8,50%,1,15,2,10,8,1
22,12436908,southampton,291,1/6 (17%),65%,1,1,0,3,6,4,1/9 (11%),5,6/9 (67%),56%,0.62,34,1,5,3,2,19/30 (63%),0,6,10/22 (45%),1,328,22,,5,4,3,5,8,88%,1,5,2,10,8,0
23,12436912,everton,107,13/24 (54%),46%,4,2,2,2,12,4,3/13 (23%),12,6/11 (55%),52%,1.64,36,3,6,3,4,23/45 (51%),1,7,20/39 (51%),0,153,33,,8,3,6,3,12,67%,1,11,4,11,12,2
23,12436912,bournemouth,132,11/24 (46%),54%,5,2,3,2,15,2,5/13 (38%),2,2/12 (17%),48%,1.96,24,0,3,7,4,22/45 (49%),0,2,10/30 (33%),1,180,29,,8,2,7,3,17,41%,0,11,4,11,17,1
24,12436915,ipswich,210,4/11 (36%),63%,0,0,0,3,7,5,2/10 (20%),4,7/7 (100%),52%,0.21,27,2,10,3,2,25/45 (56%),0,2,10/21 (48%),3,244,22,,4,2,2,3,8,88%,1,2,2,7,8,1
24,12436915,fulham,118,7/11 (64%),37%,0,0,0,2,7,3,2/9 (22%),4,10/14 (71%),48%,0.24,16,1,6,3,2,20/45 (44%),0,4,5/14 (36%),0,140,16,,4,0,2,0,4,25%,0,16,2,4,4,3
25,12436918,leicester,217,4/12 (33%),56%,1,0,1,1,12,0,2/10 (20%),6,4/6 (67%),48%,0.40,35,2,9,1,1,22/42 (52%),0,7,7/16 (44%),2,247,28,,3,5,2,5,9,44%,0,2,1,8,9,3
25,12436918,aston-villa,158,8/12 (67%),44%,1,0,1,1,15,2,3/6 (50%),7,6/8 (75%),52%,0.27,14,0,6,8,1,20/42 (48%),0,3,14/24 (58%),0,197,20,,3,1,2,1,8,50%,0,7,1,4,8,3
26,12436926,forest,134,9/20 (45%),54%,1,1,,5,5,5,3/12 (25%),8,5/13 (38%),43%,0.76,25,0,6,3,0,18/43 (42%),0,8,10/27 (37%),3,182,26,,10,2,3,0,7,71%,0,10,0,10,7,2
26,12436926,wolves,109,11/20 (55%),46%,0,0,,2,12,2,0/3 (0%),5,2/4 (50%),57%,0.12,29,1,7,3,3,25/43 (58%),0,7,11/32 (34%),0,162,27,,1,3,0,4,16,56%,0,9,3,5,16,1
27,12436927,west-ham,157,6/9 (67%),33%,1,1,0,3,6,3,4/9 (44%),4,7/10 (70%),51%,0.67,18,1,1,2,2,16/34 (47%),2,2,8/14 (57%),0,180,19,,6,4,1,2,8,50%,0,6,2,8,8,3
27,12436927,man-city,362,3/9 (33%),67%,2,1,1,1,11,4,4/10 (40%),5,5/8 (63%),49%,1.29,39,0,6,5,1,18/34 (53%),0,3,20/25 (80%),0,385,19,,4,2,3,2,7,86%,2,6,1,6,7,1
28,12436910,chelsea,266,8/10 (80%),68%,2,2,0,0,12,2,3/9 (33%),5,7/17 (41%),51%,0.75,43,2,3,1,1,17/39 (44%),0,1,14/21 (67%),0,297,25,,4,2,4,2,7,43%,1,9,1,6,7,2
28,12436910,crystal-palace,98,2/10 (20%),32%,0,0,0,4,13,4,2/7 (29%),4,4/7 (57%),49%,0.44,21,1,3,6,4,22/39 (56%),0,5,6/26 (23%),1,135,24,,4,0,2,2,15,67%,0,8,4,6,15,1
29,12436923,newcastle,89,2/8 (25%),33%,1,0,1,2,19,3,1/5 (20%),5,5/11 (45%),41%,1.10,20,1,7,6,4,20/46 (43%),0,8,7/22 (32%),1,126,25,,3,0,2,1,8,25%,1,8,4,4,8,1
29,12436923,tottenham,209,6/8 (75%),67%,2,2,0,4,7,8,1/16 (6%),4,9/13 (69%),59%,0.96,32,2,7,0,1,26/46 (57%),1,3,4/13 (31%),1,248,29,,8,4,4,4,11,91%,0,10,1,12,11,3
30,12436920,man-utd,211,1/10 (10%),55%,3,3,0,0,3,3,6/13 (46%),10,4/14 (29%),43%,1.28,22,1,4,5,0,24/48 (50%),0,2,8/14 (57%),0,241,26,,3,4,2,3,16,63%,,14,0,6,16,1
30,12436920,liverpool,171,9/10 (90%),45%,4,3,1,1,15,1,2/3 (67%),10,2/8 (25%),57%,1.11,14,0,2,4,2,24/48 (50%),0,5,7/21 (33%),1,206,25,,6,5,1,1,20,70%,,12,2,7,20,1
31,12436949,southampton,205,2/5 (40%),40%,0,0,0,0,10,0,0/2 (0%),3,0/6 (0%),44%,0.00,12,0,6,3,1,19/43 (44%),0,7,4/15 (27%),,239,23,1,0,0,0,0,13,69%,0,6,1,0,13,1
31,12436949,man-utd,329,3/5 (60%),60%,2,1,1,5,3,3,0/5 (0%),8,8/13 (62%),56%,1.03,35,0,7,0,0,24/43 (56%),0,7,7/15 (47%),,360,29,0,5,2,2,4,9,56%,1,11,0,9,9,3
32,12436936,brighton,220,8/20 (40%),66%,0,0,,9,4,5,1/20 (5%),6,4/8 (50%),48%,0.88,34,4,6,3,1,21/40 (53%),0,3,9/13 (69%),0,260,28,,5,4,2,10,11,55%,0,6,1,15,11,4
32,12436936,ipswich,95,12/20 (60%),34%,1,1,,1,22,2,1/5 (20%),4,3/10 (30%),52%,0.35,18,0,6,5,2,19/40 (48%),1,7,8/23 (35%),1,133,26,,3,4,1,3,10,60%,1,8,2,6,10,2
33,12436938,crystal-palace,249,10/16 (63%),71%,2,0,2,5,4,2,3/22 (14%),9,2/3 (67%),59%,1.76,36,2,9,2,1,24/42 (57%),0,2,14/25 (56%),3,292,28,,7,2,3,3,13,69%,0,8,1,10,13,0
33,12436938,leicester,77,6/16 (38%),29%,1,0,1,0,16,0,1/3 (33%),10,5/8 (63%),41%,0.33,23,0,3,3,1,18/42 (43%),0,6,9/31 (29%),0,123,22,,2,2,2,2,10,30%,0,11,1,4,10,3
34,12436941,fulham,157,8/13 (62%),56%,2,2,0,4,10,0,6/12 (50%),3,8/10 (80%),66%,0.76,26,1,12,4,2,38/57 (67%),0,10,10/25 (40%),0,200,24,,9,5,1,1,18,61%,,13,2,10,18,2
34,12436941,west-ham,113,5/13 (38%),44%,1,1,0,1,13,2,3/8 (38%),14,4/8 (50%),34%,0.64,19,4,10,7,1,19/57 (33%),0,4,7/23 (30%),1,156,29,,5,3,3,2,5,80%,,12,1,7,5,3
35,12436944,liverpool,278,5/12 (42%),73%,0,0,,2,4,3,3/8 (38%),4,4/9 (44%),42%,0.29,39,0,3,3,2,13/31 (42%),0,5,11/27 (41%),0,330,27,,5,3,3,3,6,67%,0,15,2,8,6,4
35,12436944,forest,82,7/12 (58%),27%,2,2,,0,17,0,0/1 (0%),3,3/6 (50%),58%,0.44,36,1,6,7,3,18/31 (58%),0,9,12/34 (35%),1,126,28,,3,2,3,2,9,78%,1,14,3,5,9,2
36,12436946,man-city,272,5/9 (56%),60%,1,1,0,3,1,7,0/6 (0%),7,2/9 (22%),36%,1.49,29,2,2,3,0,8/27 (30%),1,2,12/18 (67%),0,308,22,,5,4,4,6,4,25%,1,14,0,11,4,2
36,12436946,brentford,169,4/9 (44%),40%,0,0,0,0,13,0,1/4 (25%),4,0/0 (0%),64%,0.04,16,0,5,4,4,19/27 (70%),0,4,9/27 (33%),0,205,25,,0,1,0,1,14,71%,0,4,4,1,14,1
37,12436933,aston-villa,275,1/5 (20%),68%,3,2,1,2,7,3,3/10 (30%),7,0/6 (0%),39%,1.13,47,2,6,0,0,14/33 (42%),0,2,9/18 (50%),1,300,21,,7,5,3,3,8,75%,1,14,0,10,8,1
37,12436933,everton,111,4/5 (80%),32%,1,1,0,1,14,1,3/8 (38%),5,3/6 (50%),61%,0.23,17,1,3,7,1,19/33 (58%),1,1,11/23 (48%),1,139,15,,3,2,0,0,13,77%,2,8,1,3,13,2
38,12436931,bournemouth,109,4/8 (50%),35%,0,0,0,3,7,3,1/7 (14%),3,5/10 (50%),46%,0.48,35,2,5,2,1,18/40 (45%),1,4,17/33 (52%),2,151,35,,5,2,3,3,8,50%,0,8,1,8,8,3
38,12436931,chelsea,246,4/8 (50%),65%,1,0,1,2,11,1,0/4 (0%),4,8/12 (67%),54%,0.60,29,1,6,5,3,22/40 (55%),0,3,10/21 (48%),2,286,30,,3,1,2,2,8,63%,0,10,3,5,8,5
39,12436951,tottenham,192,8/16 (50%),61%,0,0,0,4,6,4,5/20 (25%),3,4/11 (36%),49%,0.35,26,1,3,1,0,16/33 (48%),0,4,6/17 (35%),2,224,23,,5,2,4,5,9,89%,,15,0,10,9,0
39,12436951,arsenal,118,8/16 (50%),39%,1,0,1,1,25,1,1/5 (20%),5,4/8 (50%),51%,0.30,16,0,3,4,4,17/33 (52%),0,6,10/25 (40%),3,153,25,,2,0,1,0,10,70%,,10,4,2,10,1
40,12436954,wolves,222,5/13 (38%),62%,1,1,0,1,13,2,3/14 (21%),5,5/9 (56%),43%,0.46,33,0,1,6,3,18/40 (45%),1,3,16/30 (53%),1,261,17,,7,3,3,0,12,58%,1,12,3,7,12,3
40,12436954,newcastle,136,8/13 (62%),38%,1,1,0,3,16,5,1/8 (13%),8,6/10 (60%),57%,1.22,28,1,7,3,3,22/40 (55%),0,2,7/19 (37%),1,162,21,,6,3,5,5,9,56%,0,6,3,11,9,2
41,12436980,west-ham,242,4/9 (44%),56%,0,0,0,3,10,2,2/15 (13%),4,2/10 (20%),33%,0.45,36,0,3,2,2,13/42 (31%),0,6,12/20 (60%),0,266,27,,2,0,4,5,9,44%,1,5,2,7,9,5
41,12436980,chelsea,176,5/9 (56%),44%,2,1,1,2,11,5,2/7 (29%),6,5/8 (63%),67%,1.26,23,0,12,2,4,29/42 (69%),0,3,9/20 (45%),1,206,29,,7,2,3,0,12,42%,0,5,4,7,12,1
42,12436957,aston-villa,211,5/8 (63%),69%,5,2,3,1,6,4,4/12 (33%),10,5/11 (45%),45%,1.65,34,3,7,1,0,18/43 (42%),0,5,6/14 (43%),0,242,21,,5,2,4,2,6,50%,0,8,0,7,6,2
42,12436957,wolves,74,3/8 (38%),31%,0,0,0,0,12,1,0/2 (0%),4,2/4 (50%),55%,0.00,9,1,7,5,0,25/43 (58%),0,5,6/24 (25%),4,112,21,,0,0,0,0,16,44%,0,5,0,0,16,3
43,12436964,fulham,137,2/12 (17%),38%,2,1,1,0,6,3,3/8 (38%),0,3/8 (38%),43%,1.01,25,1,4,9,2,17/32 (53%),0,5,6/22 (27%),0,169,25,,7,5,4,2,10,40%,0,6,2,9,10,2
43,12436964,newcastle,255,10/12 (83%),62%,1,1,0,2,7,0,2/6 (33%),7,5/8 (63%),57%,1.43,19,1,6,6,3,15/32 (47%),0,4,5/12 (42%),2,283,24,,8,6,3,3,5,60%,1,14,3,11,5,0
44,12436967,leicester,185,10/19 (53%),63%,2,1,1,2,8,4,4/15 (27%),7,5/9 (56%),52%,0.55,30,3,7,2,1,25/48 (52%),0,2,14/20 (70%),2,223,27,,6,5,1,2,13,77%,0,14,1,8,13,1
44,12436967,everton,99,9/19 (47%),37%,2,2,0,4,13,0,0/6 (0%),6,6/13 (46%),48%,0.34,28,2,6,7,0,23/48 (48%),0,5,16/27 (59%),2,132,25,,5,1,1,1,11,64%,2,12,0,6,11,2
45,12436969,liverpool,234,4/7 (57%),53%,1,1,0,3,13,1,1/3 (33%),6,11/15 (73%),53%,0.96,26,0,3,3,5,26/50 (52%),1,1,11/19 (58%),0,265,33,,6,1,5,3,12,67%,1,7,5,9,12,1
45,12436969,bournemouth,194,3/7 (43%),47%,1,1,0,4,5,6,3/18 (17%),3,7/16 (44%),47%,0.62,25,2,7,0,4,24/50 (48%),1,5,13/23 (57%),1,220,33,,7,3,4,4,10,50%,0,8,4,11,10,1
46,12436973,southampton,206,5/17 (29%),54%,2,2,0,3,14,2,0/6 (0%),7,5/8 (63%),44%,1.29,32,3,9,4,1,21/42 (50%),0,4,6/16 (38%),3,238,19,,7,3,2,1,7,43%,2,5,1,8,7,3
46,12436973,ipswich,168,12/17 (71%),46%,1,1,0,1,10,2,2/11 (18%),2,4/9 (44%),56%,0.69,18,1,7,1,2,21/42 (50%),0,6,6/12 (50%),0,198,21,,3,2,2,2,10,50%,0,7,2,5,10,4
47,12436977,tottenham,172,2/5 (40%),44%,4,3,1,1,10,5,1/9 (11%),10,6/15 (40%),44%,1.30,24,1,5,2,2,21/47 (45%),0,8,8/15 (53%),0,210,36,,6,1,4,0,10,50%,2,9,2,6,10,2
47,12436977,brentford,228,3/5 (60%),56%,1,1,0,0,8,2,0/6 (0%),4,2/8 (25%),56%,0.28,24,1,5,7,3,26/47 (55%),0,2,25/36 (69%),2,271,34,,2,0,2,0,19,47%,0,8,3,2,19,1
48,12436962,crystal-palace,105,9/18 (50%),33%,2,2,,1,15,3,6/10 (60%),4,3/8 (38%),49%,0.84,16,1,5,5,2,17/35 (49%),0,7,13/34 (38%),1,154,30,,6,3,3,1,9,56%,0,6,2,7,9,3
48,12436962,man-utd,278,9/18 (50%),67%,0,0,,2,10,4,0/7 (0%),5,5/9 (56%),51%,0.28,33,1,4,4,3,18/35 (51%),1,4,3/24 (13%),0,331,23,,3,2,2,3,9,33%,1,14,3,6,9,1
49,12436959,brighton,271,10/14 (71%),75%,1,1,0,6,2,6,7/28 (25%),7,9/14 (64%),54%,0.58,36,2,5,0,1,17/36 (47%),0,2,11/15 (73%),0,301,19,0,5,1,1,3,3,67%,0,9,1,8,3,1
49,12436959,forest,74,4/14 (29%),25%,1,0,1,1,28,1,0/3 (0%),3,4/4 (100%),46%,0.56,16,0,3,6,1,19/36 (53%),0,4,3/24 (13%),3,107,19,1,2,0,1,0,12,50%,0,4,1,2,12,5
50,12436971,man-city,392,9/15 (60%),88%,3,2,1,12,5,6,4/15 (27%),4,4/9 (44%),48%,1.40,22,1,3,1,1,10/25 (40%),0,0,9/12 (75%),0,415,23,0,12,7,9,16,3,67%,0,9,1,28,3,1
50,12436971,arsenal,29,6/15 (40%),12%,1,1,0,0,24,0,0/1 (0%),1,3/5 (60%),52%,0.07,19,1,3,9,8,15/25 (60%),0,2,9/29 (31%),0,60,23,0,1,0,1,0,9,67%,0,1,8,1,9,3
51,12436999,newcastle,123,6/10 (60%),34%,2,1,1,0,14,0,2/3 (67%),9,7/9 (78%),53%,1.26,18,1,5,5,3,24/47 (51%),0,7,10/24 (42%),1,163,33,,5,3,2,0,12,42%,1,6,3,5,12,2
51,12436999,man-city,261,4/10 (40%),66%,0,0,0,2,1,3,2/13 (15%),7,6/11 (55%),47%,0.58,33,1,6,4,1,23/47 (49%),0,3,6/21 (29%),0,309,29,,7,3,3,1,11,64%,0,8,1,8,11,4
52,12436985,arsenal,244,11/18 (61%),73%,6,5,1,5,6,11,6/20 (30%),4,9/12 (75%),58%,3.30,30,0,2,3,1,17/30 (57%),1,1,8/18 (44%),0,283,21,,18,7,11,5,6,83%,,11,1,23,6,2
52,12436985,leicester,76,7/18 (39%),27%,0,0,0,0,26,0,2/3 (67%),3,0/3 (0%),42%,0.26,11,1,6,7,10,13/30 (43%),0,3,10/27 (37%),0,108,15,,4,1,3,0,7,57%,,7,10,4,7,2
53,12436987,brentford,224,10/21 (48%),61%,0,0,0,2,10,6,1/16 (6%),6,3/10 (30%),45%,0.11,37,1,5,5,1,18/41 (44%),0,3,13/30 (43%),0,280,20,,1,0,2,3,12,75%,0,11,1,4,12,2
53,12436987,west-ham,129,11/21 (52%),39%,1,0,1,2,25,3,3/7 (43%),7,8/13 (62%),55%,0.55,25,0,2,2,2,23/41 (56%),0,6,20/37 (54%),1,176,28,,5,4,2,3,13,38%,0,9,2,8,13,2
54,12436989,chelsea,155,4/11 (36%),46%,3,3,0,2,5,8,3/9 (33%),2,6/11 (55%),50%,2.00,16,0,3,3,1,22/41 (54%),0,3,9/23 (39%),3,195,31,,7,4,2,1,14,57%,3,9,1,8,14,1
54,12436989,brighton,211,7/11 (64%),54%,0,0,0,3,10,0,1/4 (25%),6,4/12 (33%),50%,0.28,42,3,9,4,1,19/41 (46%),0,7,10/20 (50%),0,247,27,,1,2,1,5,7,100%,0,7,1,6,7,0
55,12436992,everton,107,17/28 (61%),38%,0,0,0,1,12,2,3/13 (23%),7,4/7 (57%),53%,0.26,25,1,6,5,1,16/34 (47%),0,5,12/31 (39%),2,154,25,,2,1,2,2,6,67%,,11,1,4,6,2
55,12436992,crystal-palace,219,11/28 (39%),62%,0,0,0,3,12,5,1/13 (8%),5,2/3 (67%),47%,0.40,34,2,6,2,0,18/34 (53%),0,5,12/27 (44%),0,261,25,,6,4,1,2,10,70%,,12,0,8,10,0
56,12437001,forest,162,11/16 (69%),48%,0,,0,2,11,3,2/15 (13%),5,4/4 (100%),57%,0.40,28,0,5,3,0,13/26 (50%),0,5,8/18 (44%),5,203,19,,4,3,1,2,4,25%,1,6,0,6,4,1
56,12437001,fulham,196,5/16 (31%),52%,1,,1,4,27,1,1/8 (13%),2,4/6 (67%),43%,0.98,27,1,4,4,1,13/26 (50%),0,3,11/22 (50%),1,231,20,,5,2,1,2,5,40%,0,6,1,7,5,4
57,12437002,wolves,166,4/8 (50%),45%,1,0,1,2,11,2,0/8 (0%),3,2/4 (50%),42%,0.51,20,1,4,5,2,12/30 (40%),0,4,11/24 (46%),1,202,28,,2,1,1,2,6,67%,,4,2,4,6,1
57,12437002,liverpool,224,4/8 (50%),55%,2,1,1,0,3,4,3/10 (30%),3,4/7 (57%),58%,1.47,22,1,9,3,0,18/30 (60%),0,4,10/25 (40%),2,261,27,,5,2,3,0,5,100%,,9,0,5,5,1
58,12436993,ipswich,218,4/7 (57%),51%,1,0,1,3,7,7,2/9 (22%),5,8/13 (62%),47%,0.68,34,0,5,3,1,16/36 (44%),0,4,13/25 (52%),2,247,27,,6,4,2,3,3,33%,0,4,1,9,3,2
58,12436993,aston-villa,211,3/7 (43%),49%,0,0,0,0,7,0,0/2 (0%),3,5/5 (100%),53%,0.15,38,1,5,6,1,20/36 (56%),0,3,5/16 (31%),1,241,21,,1,2,1,2,10,60%,0,4,1,3,10,1
59,12436995,man-utd,161,3/7 (43%),42%,0,0,0,4,3,5,5/18 (28%),1,1/5 (20%),61%,0.62,34,2,8,6,4,22/34 (65%),0,7,14/35 (40%),1,200,23,0,8,4,0,0,14,57%,0,4,4,8,14,2
59,12436995,tottenham,270,4/7 (57%),58%,6,4,2,3,11,1,2/5 (40%),6,2/10 (20%),39%,2.60,18,1,5,5,0,12/34 (35%),0,3,9/18 (50%),1,305,26,0,9,3,6,3,5,100%,1,5,0,12,5,2
60,12436982,bournemouth,141,4/14 (29%),33%,0,,0,4,15,4,0/12 (0%),3,0/1 (0%),41%,0.45,26,2,3,3,1,16/35 (46%),0,5,10/24 (42%),0,175,27,,5,2,2,3,13,31%,1,6,1,8,13,1
60,12436982,southampton,327,10/14 (71%),67%,1,,1,1,11,2,3/12 (25%),7,6/12 (50%),59%,0.39,33,3,9,3,2,19/35 (54%),0,4,10/15 (67%),0,365,24,,4,3,2,2,4,50%,0,12,2,6,4,4
61,12437015,crystal-palace,116,3/16 (19%),36%,2,2,0,0,6,1,1/6 (17%),2,1/4 (25%),26%,0.57,28,1,4,7,2,8/26 (31%),0,2,9/30 (30%),0,167,30,,2,4,4,6,3,67%,0,9,2,8,3,4
61,12437015,liverpool,257,13/16 (81%),64%,2,2,0,2,11,1,1/3 (33%),3,6/6 (100%),74%,0.76,33,2,7,4,4,18/26 (69%),0,7,15/34 (44%),0,302,29,,4,4,2,4,5,60%,0,10,4,8,5,0
62,12437004,arsenal,184,7/13 (54%),48%,3,1,2,3,7,5,4/12 (33%),8,6/8 (75%),51%,1.64,24,0,3,1,0,20/40 (50%),1,6,10/20 (50%),1,223,28,,10,7,5,5,11,73%,0,13,0,15,11,0
62,12437004,southampton,212,6/13 (46%),52%,2,2,0,4,10,1,1/5 (20%),7,5/9 (56%),49%,0.60,21,0,6,8,2,20/40 (50%),2,6,7/19 (37%),0,249,19,,4,1,1,2,10,60%,0,5,2,6,10,0
63,12437008,brentford,115,13/28 (46%),39%,3,2,1,1,26,5,3/12 (25%),5,3/5 (60%),50%,1.96,34,1,6,6,2,16/30 (53%),0,2,15/31 (48%),2,155,27,,5,3,6,5,7,43%,1,4,2,10,7,2
63,12437008,wolves,191,15/28 (54%),61%,1,1,0,2,12,3,1/14 (7%),1,1/7 (14%),50%,0.46,33,2,6,6,5,14/30 (47%),0,1,15/35 (43%),1,250,27,,5,4,3,4,7,86%,0,6,5,9,7,2
64,12437020,leicester,98,13/19 (68%),35%,0,0,0,1,23,0,0/1 (0%),5,4/11 (36%),49%,0.03,23,0,6,10,1,16/40 (40%),0,2,18/38 (47%),1,146,26,,0,0,0,1,6,83%,1,12,1,1,6,3
64,12437020,bournemouth,215,6/19 (32%),65%,4,4,0,3,7,5,4/13 (31%),5,6/7 (86%),51%,1.55,38,2,7,4,0,24/40 (60%),2,2,11/21 (52%),1,260,32,,8,8,1,4,12,83%,0,5,0,12,12,1
65,12437022,man-city,273,2/5 (40%),53%,0,0,0,1,9,0,2/4 (50%),3,3/12 (25%),44%,0.44,22,4,6,0,1,13/29 (45%),0,3,5/9 (56%),0,304,18,,1,1,3,4,4,50%,0,8,1,5,4,2
65,12437022,fulham,245,3/5 (60%),47%,2,1,1,2,5,1,1/7 (14%),1,3/6 (50%),56%,0.95,33,0,1,4,1,16/29 (55%),0,7,17/23 (74%),2,270,17,,3,0,2,1,12,33%,0,6,1,4,12,1
66,12437024,west-ham,190,3/8 (38%),44%,3,2,1,2,12,1,0/2 (0%),3,3/6 (50%),46%,2.06,18,1,2,4,2,18/38 (47%),0,6,15/25 (60%),2,215,26,,8,3,6,3,13,54%,1,7,2,11,13,0
66,12437024,ipswich,234,5/8 (63%),56%,1,1,0,1,3,3,1/10 (10%),9,9/13 (69%),54%,0.23,29,1,5,3,4,20/38 (53%),0,1,10/15 (67%),0,261,19,,2,2,1,2,6,100%,0,13,4,4,6,0
67,12437018,everton,125,4/12 (33%),35%,2,2,,0,10,0,2/6 (33%),9,9/16 (56%),49%,0.56,31,1,5,6,1,25/47 (53%),0,3,8/28 (29%),0,170,31,,2,5,1,4,11,55%,0,10,1,6,11,0
67,12437018,newcastle,275,8/12 (67%),65%,0,0,,3,2,4,3/11 (27%),5,4/10 (40%),51%,0.92,28,0,2,6,1,22/47 (47%),0,3,5/18 (28%),2,317,33,,7,5,0,1,16,50%,1,5,1,8,16,2
68,12437006,aston-villa,182,7/16 (44%),58%,,,,1,6,5,1/12 (8%),9,4/8 (50%),46%,0.35,26,4,5,3,2,15/32 (47%),0,4,5/16 (31%),0,217,21,,4,5,1,3,6,83%,0,8,2,7,6,1
68,12437006,man-utd,136,9/16 (56%),42%,,,,2,15,3,2/5 (40%),2,0/4 (0%),54%,0.38,17,1,5,9,1,17/32 (53%),2,4,10/24 (42%),0,165,17,,2,4,2,6,13,46%,0,3,1,8,13,2
69,12437013,chelsea,241,6/16 (38%),66%,2,2,0,2,11,10,3/19 (16%),4,6/7 (86%),45%,1.47,41,1,4,0,6,16/33 (48%),0,3,10/20 (50%),0,272,21,0,8,5,6,5,6,33%,0,8,6,13,6,5
69,12437013,forest,108,10/16 (63%),34%,3,2,1,3,22,2,1/6 (17%),3,6/9 (67%),55%,0.64,22,2,7,7,5,17/33 (52%),0,2,8/24 (33%),1,144,20,1,6,0,7,4,5,40%,0,5,5,10,5,3
70,12437011,brighton,135,7/12 (58%),39%,3,0,3,1,10,3,2/7 (29%),5,6/11 (55%),46%,1.14,16,2,5,5,1,16/38 (42%),0,7,11/27 (41%),0,169,30,,5,2,4,2,6,67%,0,3,1,7,6,1
70,12437011,tottenham,230,5/12 (42%),61%,0,0,0,1,4,5,1/12 (8%),3,6/9 (67%),54%,0.43,32,2,6,2,1,22/38 (58%),0,3,8/17 (47%),1,269,26,,5,5,1,2,10,40%,0,9,1,7,10,2
71,12437038,tottenham,188,3/6 (50%),53%,1,1,0,1,10,1,2/5 (40%),4,3/10 (30%),45%,0.77,20,1,11,4,1,22/50 (44%),1,2,13/21 (62%),1,221,27,0,8,4,5,2,8,75%,,8,1,10,8,1
71,12437038,west-ham,166,3/6 (50%),47%,1,1,0,3,7,3,1/7 (14%),3,11/16 (69%),55%,0.54,18,1,6,6,3,28/50 (56%),0,6,22/31 (71%),0,198,17,1,3,1,2,3,11,82%,,9,3,6,11,2
72,12437028,fulham,220,10/15 (67%),62%,1,1,,0,10,4,3/19 (16%),6,1/3 (33%),58%,0.26,28,4,7,3,3,19/35 (54%),0,4,11/23 (48%),1,247,20,1,3,2,2,1,11,82%,0,6,3,4,11,3
72,12437028,aston-villa,136,5/15 (33%),38%,0,0,,3,16,4,3/8 (38%),6,3/8 (38%),42%,0.67,15,2,5,2,2,16/35 (46%),0,9,4/11 (36%),1,158,22,1,6,3,3,3,8,50%,2,7,2,9,8,4
73,12437034,man-utd,192,9/14 (64%),47%,3,1,2,2,10,3,3/8 (38%),5,2/7 (29%),54%,1.04,36,0,3,3,0,18/36 (50%),0,5,17/35 (49%),1,232,29,,8,3,8,5,13,69%,1,8,0,13,13,1
73,12437034,brentford,222,5/14 (36%),53%,0,0,0,1,11,0,2/3 (67%),6,6/13 (46%),46%,0.16,32,1,2,3,6,18/36 (50%),0,6,3/18 (17%),3,264,31,,2,1,0,0,10,80%,0,9,6,2,10,2
74,12437035,newcastle,222,4/10 (40%),57%,2,2,0,5,4,5,2/13 (15%),11,6/8 (75%),55%,1.18,30,2,4,4,4,25/43 (58%),0,8,8/20 (40%),3,263,32,,10,4,4,3,15,73%,1,8,4,13,15,0
74,12437035,brighton,174,6/10 (60%),43%,3,3,0,1,19,3,2/5 (40%),7,3/11 (27%),45%,0.70,22,0,2,3,4,18/43 (42%),0,3,13/30 (43%),0,210,30,,5,2,4,2,13,46%,1,8,4,7,13,1
75,12437037,southampton,108,9/13 (69%),38%,0,0,0,2,19,8,4/14 (29%),10,2/8 (25%),51%,0.47,27,0,6,4,1,20/44 (45%),0,3,11/23 (48%),1,139,13,1,7,2,3,0,12,83%,0,9,1,7,12,1
75,12437037,leicester,196,4/13 (31%),62%,3,1,2,2,15,3,3/13 (23%),3,4/13 (31%),49%,2.41,32,1,4,3,4,24/44 (55%),1,3,11/18 (61%),1,233,21,0,8,5,4,3,16,63%,1,9,4,11,16,3
76,12437030,ipswich,217,6/10 (60%),55%,1,1,0,2,6,3,5/20 (25%),3,2/9 (22%),40%,0.66,29,1,2,2,3,11/33 (33%),0,5,12/18 (67%),1,244,34,,6,4,2,2,7,71%,0,10,3,8,7,1
76,12437030,everton,176,4/10 (40%),45%,1,1,0,0,22,1,1/3 (33%),3,5/9 (56%),60%,0.78,26,3,7,4,2,22/33 (67%),0,3,14/36 (39%),0,219,34,,4,2,3,1,10,80%,1,6,2,5,10,0
77,12437026,bournemouth,130,8/13 (62%),47%,2,1,1,1,9,2,3/11 (27%),1,10/15 (67%),59%,1.45,31,1,7,3,1,26/45 (58%),0,0,8/25 (32%),0,172,21,0,5,3,2,1,9,67%,0,7,1,6,9,1
77,12437026,arsenal,158,5/13 (38%),53%,2,2,0,0,9,3,3/11 (27%),3,5/11 (45%),41%,0.46,26,1,8,4,0,19/45 (42%),0,1,10/25 (40%),1,199,24,0,3,2,1,0,6,50%,0,6,0,3,6,1
78,12437039,wolves,74,9/17 (53%),23%,0,0,0,0,18,0,0/1 (0%),3,1/3 (33%),56%,0.04,15,0,1,4,3,15/26 (58%),0,3,13/39 (33%),0,110,22,,0,1,0,1,13,54%,0,7,3,1,13,2
78,12437039,man-city,315,8/17 (47%),77%,0,0,0,4,5,11,5/21 (24%),8,2/7 (29%),44%,0.99,31,2,4,3,0,11/26 (42%),0,1,7/11 (64%),1,346,19,,7,4,4,5,5,80%,0,12,0,12,5,0
79,12437032,liverpool,151,3/10 (30%),40%,1,0,1,0,6,0,1/3 (33%),2,1/4 (25%),50%,0.78,30,1,7,4,1,22/40 (55%),0,2,12/36 (33%),3,198,24,,3,2,2,1,14,64%,0,8,1,4,14,3
79,12437032,chelsea,258,7/10 (70%),60%,2,1,1,3,6,2,4/8 (50%),4,4/14 (29%),50%,0.73,30,2,9,3,1,18/40 (45%),0,4,12/24 (50%),0,290,22,,6,4,2,3,5,80%,1,6,1,9,5,1
80,12437036,forest,159,10/17 (59%),49%,0,0,,5,12,3,5/15 (33%),6,7/13 (54%),53%,0.48,28,1,4,5,4,16/32 (50%),0,6,14/28 (50%),0,198,20,,3,2,4,8,5,40%,0,15,4,11,5,2
80,12437036,crystal-palace,167,7/17 (41%),51%,0,0,,4,17,5,2/10 (20%),2,3/6 (50%),47%,0.49,30,0,1,4,3,16/32 (50%),1,4,11/23 (48%),2,209,25,,6,3,4,5,12,67%,0,4,3,11,12,1
81,12437048,leicester,239,11/18 (61%),68%,0,0,0,2,8,3,3/16 (19%),7,4/10 (40%),44%,0.11,46,1,5,6,0,17/46 (37%),0,3,12/18 (67%),0,277,24,,2,2,0,2,8,75%,0,12,0,4,8,4
81,12437048,forest,97,7/18 (39%),32%,3,2,1,1,18,2,1/7 (14%),5,6/9 (67%),56%,1.22,20,2,10,4,0,29/46 (63%),1,7,12/29 (41%),1,129,30,,8,8,2,3,13,46%,0,5,0,11,13,2
82,12437041,aston-villa,168,9/21 (43%),57%,2,1,1,3,9,6,3/13 (23%),9,4/7 (57%),43%,1.05,22,0,8,5,0,14/32 (44%),0,8,12/24 (50%),0,208,24,,6,3,4,4,3,33%,0,9,0,10,3,4
82,12437041,bournemouth,124,12/21 (57%),43%,0,0,0,2,14,3,2/12 (17%),2,0/1 (0%),57%,0.12,24,3,7,4,3,18/32 (56%),0,3,9/22 (41%),1,155,24,,2,1,1,2,12,58%,0,5,3,4,12,2
83,12437043,brentford,221,17/25 (68%),64%,5,4,1,3,12,2,7/15 (47%),3,2/9 (22%),50%,3.15,38,2,5,5,0,10/29 (34%),0,2,15/27 (56%),0,264,24,0,11,5,7,4,3,67%,0,12,0,15,3,0
83,12437043,ipswich,103,8/25 (32%),36%,1,0,1,0,20,1,3/7 (43%),1,3/5 (60%),50%,0.24,26,0,6,7,5,19/29 (66%),1,3,12/30 (40%),1,151,24,1,3,3,1,1,10,80%,1,3,5,4,10,2
84,12437044,brighton,141,4/15 (27%),41%,0,0,0,2,14,2,2/5 (40%),3,5/12 (42%),42%,0.26,19,1,3,5,4,20/42 (48%),0,2,17/30 (57%),2,179,28,,4,1,3,2,12,42%,0,10,4,6,12,3
84,12437044,wolves,213,11/15 (73%),59%,0,0,0,4,11,5,5/15 (33%),4,5/13 (38%),58%,1.06,26,2,7,5,2,22/42 (52%),0,3,12/29 (41%),1,251,27,,11,1,6,0,10,40%,0,9,2,11,10,1
85,12437049,man-city,318,3/7 (43%),62%,3,3,0,4,8,4,5/10 (50%),7,5/6 (83%),54%,2.09,25,2,6,2,2,19/34 (56%),0,4,3/10 (30%),0,337,16,,8,4,4,4,8,63%,1,3,2,12,8,1
85,12437049,southampton,191,4/7 (57%),38%,0,0,0,1,8,1,1/2 (50%),3,3/8 (38%),46%,0.11,12,0,4,4,3,15/34 (44%),0,2,10/15 (67%),2,211,19,,4,1,2,0,8,75%,0,5,3,4,8,2
86,12437047,everton,141,11/15 (73%),42%,1,0,1,1,11,1,3/8 (38%),3,4/6 (67%),61%,0.51,39,0,5,4,0,19/34 (56%),0,4,13/28 (46%),1,183,26,,5,2,3,1,10,90%,,11,0,6,10,1
86,12437047,fulham,217,4/15 (27%),58%,0,0,0,0,11,1,2/5 (40%),7,6/9 (67%),39%,0.27,35,0,4,2,2,15/34 (44%),0,4,13/26 (50%),2,262,34,,1,5,1,5,5,60%,,10,2,6,5,0
87,12437045,chelsea,171,6/14 (43%),42%,0,0,0,1,14,0,2/4 (50%),6,3/7 (43%),48%,0.68,31,0,9,6,0,22/44 (50%),1,11,11/28 (39%),0,201,25,,7,4,3,1,10,60%,1,4,0,8,10,5
87,12437045,newcastle,221,8/14 (57%),58%,2,2,0,0,1,2,1/4 (25%),6,4/8 (50%),52%,0.31,35,1,8,5,2,22/44 (50%),0,2,17/33 (52%),0,270,25,,2,2,1,1,10,60%,0,15,2,3,10,2
88,12437046,crystal-palace,85,9/18 (50%),34%,0,0,0,0,14,3,1/12 (8%),8,1/5 (20%),52%,0.35,35,2,8,5,2,24/45 (53%),0,3,15/39 (38%),3,126,35,,3,4,3,4,15,67%,,4,2,7,15,2
88,12437046,tottenham,205,9/18 (50%),66%,1,1,0,1,9,3,2/15 (13%),8,4/11 (36%),48%,0.15,33,0,5,7,3,21/45 (47%),0,3,16/27 (59%),1,250,29,,1,0,2,2,12,67%,,8,3,3,12,3
89,12437050,west-ham,140,10/18 (56%),42%,4,2,2,1,30,3,4/12 (33%),6,8/11 (73%),55%,2.97,17,2,3,3,2,16/29 (55%),0,8,12/22 (55%),2,177,27,,10,7,3,1,5,20%,0,6,2,11,5,3
89,12437050,man-utd,195,8/18 (44%),58%,1,0,1,4,15,4,4/20 (20%),2,3/6 (50%),45%,0.62,28,1,1,4,1,13/29 (45%),0,3,9/22 (41%),1,239,18,,4,3,3,6,9,67%,0,12,1,10,9,1
90,12437040,arsenal,111,9/13 (69%),37%,0,,0,1,15,1,0/5 (0%),5,4/9 (44%),47%,0.15,16,0,5,5,1,18/44 (41%),0,2,11/22 (50%),1,148,22,,1,1,1,2,9,44%,0,11,1,3,9,2
90,12437040,liverpool,215,4/13 (31%),63%,1,,1,2,14,2,0/17 (0%),8,8/9 (89%),53%,0.45,29,1,8,3,1,26/44 (59%),0,2,12/29 (41%),1,249,21,,3,2,2,3,10,60%,1,13,1,6,10,1
91,12437056,newcastle,88,9/14 (64%),31%,0,0,0,1,13,2,0/6 (0%),8,4/5 (80%),61%,0.17,22,1,11,3,0,25/42 (60%),0,5,5/31 (16%),,131,32,,4,1,3,1,11,55%,0,9,0,5,11,3
91,12437056,arsenal,257,5/14 (36%),69%,1,1,0,2,9,3,4/15 (27%),6,1/6 (17%),39%,0.43,32,1,7,1,3,17/42 (40%),0,1,12/22 (55%),,295,30,,3,2,0,1,9,67%,0,9,3,4,9,4
92,12437051,bournemouth,94,6/14 (43%),29%,3,2,1,1,24,2,2/5 (40%),5,6/9 (67%),52%,1.28,19,1,4,7,3,18/32 (56%),1,5,18/29 (62%),1,120,19,,5,3,3,2,8,75%,1,4,3,7,8,1
92,12437051,man-city,266,8/14 (57%),71%,2,2,0,2,5,6,4/17 (24%),5,1/4 (25%),48%,1.38,23,2,6,5,2,14/32 (44%),1,3,9/15 (60%),0,298,15,,9,8,4,5,7,43%,0,9,2,14,7,1
93,12437053,ipswich,91,10/21 (48%),37%,0,0,0,2,18,0,0/1 (0%),6,3/11 (27%),44%,0.17,30,2,8,7,2,20/47 (43%),0,5,5/20 (25%),,129,16,1,2,0,1,1,9,56%,0,14,2,3,9,5
93,12437053,leicester,166,11/21 (52%),63%,3,2,1,7,7,4,5/15 (33%),2,8/15 (53%),56%,1.21,31,1,5,1,0,27/47 (57%),0,2,15/29 (52%),,201,26,0,11,4,4,4,14,50%,1,9,0,15,14,1
94,12437054,liverpool,182,4/7 (57%),50%,3,3,,3,9,3,3/9 (33%),5,3/6 (50%),70%,0.94,33,0,11,0,1,31/43 (72%),0,8,8/26 (31%),0,225,33,,9,1,7,2,18,72%,0,7,1,11,18,0
94,12437054,brighton,192,3/7 (43%),50%,0,0,,3,15,4,3/10 (30%),7,2/13 (15%),30%,0.24,31,0,2,5,5,12/43 (28%),0,5,11/25 (44%),0,223,29,,3,2,1,3,8,63%,0,11,5,6,8,2
95,12437057,forest,237,8/15 (53%),65%,2,2,0,0,7,8,3/12 (25%),7,4/7 (57%),49%,0.74,27,1,5,1,1,16/34 (47%),0,3,11/24 (46%),1,282,27,0,4,5,4,5,8,75%,1,10,1,9,8,1
95,12437057,west-ham,112,7/15 (47%),35%,0,0,0,0,14,3,1/7 (14%),3,6/11 (55%),51%,0.07,20,0,2,6,2,18/34 (53%),0,9,9/28 (32%),0,149,21,0,1,2,1,2,10,90%,0,5,2,3,10,1
96,12437058,southampton,241,5/7 (71%),65%,1,1,,2,12,1,5/11 (45%),4,9/18 (50%),47%,0.56,28,1,6,6,3,23/52 (44%),0,3,10/17 (59%),1,261,27,,6,3,2,1,9,67%,0,6,3,7,9,4
96,12437058,everton,107,2/7 (29%),35%,3,3,,2,7,4,5/13 (38%),8,8/9 (89%),53%,1.37,24,1,8,4,1,29/52 (56%),2,5,5/23 (22%),1,135,26,,5,5,3,5,13,31%,0,6,1,10,13,1
97,12437060,wolves,193,10/16 (63%),63%,3,1,2,1,13,1,2/5 (40%),6,10/12 (83%),66%,1.40,24,0,6,5,2,30/45 (67%),0,8,14/32 (44%),1,244,24,,5,1,6,3,14,43%,,15,2,8,14,1
97,12437060,crystal-palace,86,6/16 (38%),37%,2,1,1,1,16,2,2/12 (17%),10,4/8 (50%),34%,1.54,32,1,4,2,4,15/45 (33%),0,5,10/27 (37%),1,133,26,,10,6,4,1,8,50%,,12,4,11,8,2
98,12437059,tottenham,155,6/9 (67%),48%,3,0,3,0,14,1,1/8 (13%),2,4/10 (40%),48%,2.23,23,1,7,4,0,15/35 (43%),0,4,8/15 (53%),,176,28,,5,2,6,3,5,60%,1,8,0,8,5,2
98,12437059,aston-villa,155,3/9 (33%),52%,1,1,0,1,5,2,1/8 (13%),3,6/8 (75%),52%,0.50,16,2,6,5,2,20/35 (57%),0,4,10/21 (48%),,186,25,,3,4,0,2,8,63%,1,8,2,5,8,0
99,12437055,man-utd,142,5/16 (31%),46%,2,1,1,2,12,3,1/7 (14%),5,3/7 (43%),44%,1.26,19,1,6,2,1,24/50 (48%),0,5,8/24 (33%),3,181,25,,5,2,3,2,16,56%,1,8,1,7,16,4
99,12437055,chelsea,181,11/16 (69%),54%,0,0,0,2,11,4,0/8 (0%),8,5/13 (38%),56%,0.29,23,0,12,2,2,26/50 (52%),0,3,10/24 (42%),0,219,22,,2,2,2,4,9,56%,0,9,2,6,9,1
100,12437052,fulham,291,10/24 (42%),70%,0,0,,7,4,8,7/29 (24%),2,6/9 (67%),53%,0.76,39,2,6,1,1,18/29 (62%),0,6,14/24 (58%),1,328,25,,10,2,8,7,6,50%,2,9,1,17,6,2
100,12437052,brentford,103,14/24 (58%),30%,1,1,,1,24,2,1/3 (33%),3,5/8 (63%),47%,0.48,23,0,1,6,6,11/29 (38%),0,4,8/31 (26%),0,148,25,,3,1,1,0,5,100%,0,1,6,3,5,1
101,12436876,brentford,127,23/30 (77%),52%,1,0,1,2,24,4,5/15 (33%),8,2/6 (33%),61%,1.14,27,2,11,4,0,21/42 (50%),0,3,8/27 (30%),0,174,26,,6,2,4,2,9,56%,1,10,0,8,9,2
101,12436876,bournemouth,116,7/30 (23%),48%,1,0,1,5,18,2,4/12 (33%),5,2/6 (33%),39%,0.71,31,1,7,4,2,21/42 (50%),1,2,7/30 (23%),0,161,27,,7,1,1,0,12,75%,1,10,2,7,12,3
102,12436483,crystal-palace,153,3/13 (23%),37%,1,1,0,0,13,0,1/7 (14%),5,3/8 (38%),41%,0.66,20,1,6,4,3,17/36 (47%),0,11,10/20 (50%),1,186,27,1,3,3,4,4,9,44%,1,9,3,7,9,1
102,12436483,fulham,283,10/13 (77%),63%,2,1,1,1,8,3,4/9 (44%),7,3/5 (60%),59%,1.24,36,1,6,3,4,19/36 (53%),0,4,14/25 (56%),2,324,32,0,6,3,4,2,10,50%,3,11,4,8,10,1
103,12436486,west-ham,151,13/23 (57%),49%,1,1,,2,13,4,1/7 (14%),5,6/12 (50%),49%,0.73,33,0,5,4,2,18/40 (45%),1,1,12/28 (43%),0,202,28,,4,1,4,3,7,57%,1,9,2,7,7,1
103,12436486,everton,152,10/23 (43%),51%,0,0,,4,10,5,6/14 (43%),2,5/10 (50%),51%,0.65,41,1,6,4,4,22/40 (55%),0,0,11/33 (33%),1,204,26,,5,4,2,5,11,55%,0,10,4,10,11,2
104,12436485,wolves,95,2/7 (29%),29%,0,0,0,1,14,0,1/2 (50%),6,5/7 (71%),41%,0.24,21,0,6,3,0,17/39 (44%),0,1,8/22 (36%),0,127,23,,2,1,3,3,6,83%,0,7,0,5,6,1
104,12436485,southampton,270,5/7 (71%),71%,0,0,0,1,3,4,1/13 (8%),3,6/9 (67%),59%,0.20,33,4,8,3,2,22/39 (56%),0,1,7/16 (44%),0,304,29,,3,2,0,0,8,63%,0,11,2,3,8,3
105,12436882,brighton,217,5/8 (63%),46%,6,4,2,1,14,0,4/6 (67%),6,2/3 (67%),48%,1.87,24,0,5,5,1,16/36 (44%),0,7,20/27 (74%),0,246,23,,6,2,4,1,9,33%,2,8,1,7,9,1
105,12436882,man-city,252,3/8 (38%),54%,1,1,0,1,6,1,2/6 (33%),7,7/9 (78%),52%,0.29,34,0,6,2,2,20/36 (56%),0,2,5/11 (45%),0,286,24,,4,4,1,2,7,43%,0,8,2,6,7,2
106,12436484,liverpool,294,4/7 (57%),65%,3,2,1,1,8,0,2/5 (40%),4,9/12 (75%),53%,1.21,23,3,8,2,0,22/42 (52%),0,3,13/27 (48%),1,325,22,,6,4,3,2,5,60%,0,7,0,8,5,0
106,12436484,aston-villa,139,3/7 (43%),35%,2,2,0,0,9,5,1/12 (8%),3,6/8 (75%),47%,0.41,11,2,7,3,2,20/42 (48%),0,3,5/12 (42%),1,168,22,,3,3,0,0,7,57%,0,7,2,3,7,1
107,12436494,man-utd,151,5/13 (38%),44%,0,0,,1,10,0,0/5 (0%),8,4/8 (50%),48%,0.10,22,0,4,1,1,23/45 (51%),0,5,9/26 (35%),0,188,31,,1,2,1,3,15,87%,0,7,1,4,15,0
107,12436494,leicester,197,8/13 (62%),56%,0,0,,0,6,4,0/11 (0%),9,7/13 (54%),52%,0.05,34,3,4,3,0,22/45 (49%),0,2,13/28 (46%),2,244,25,,1,0,1,0,12,67%,0,18,0,1,12,1
108,12436487,forest,154,8/21 (38%),48%,1,1,0,2,8,2,3/16 (19%),5,1/5 (20%),47%,0.29,32,1,2,5,1,17/32 (53%),0,5,13/27 (48%),2,196,25,,4,2,2,2,14,71%,,13,1,6,14,1
108,12436487,newcastle,181,13/21 (62%),52%,2,1,1,2,13,1,4/9 (44%),6,0/8 (0%),53%,1.25,38,2,6,1,2,15/32 (47%),0,4,10/23 (43%),0,221,34,,7,4,4,3,9,56%,,8,2,10,9,0
109,12436492,tottenham,183,11/21 (52%),66%,1,1,0,1,4,9,4/22 (18%),4,7/14 (50%),52%,0.74,25,1,10,1,0,22/43 (51%),0,5,9/18 (50%),,232,27,,6,7,3,5,5,40%,,13,0,11,5,1
109,12436492,ipswich,73,10/21 (48%),34%,0,0,0,1,24,0,1/1 (100%),3,4/6 (67%),48%,0.10,27,2,8,9,2,21/43 (49%),0,7,12/33 (36%),,128,23,,0,1,0,2,11,55%,,9,2,2,11,4
110,12436890,chelsea,193,1/6 (17%),51%,0,0,0,3,5,2,3/10 (30%),3,3/7 (43%),45%,0.58,27,0,6,4,1,19/38 (50%),0,5,11/27 (41%),1,224,19,,3,3,2,5,10,80%,0,5,1,8,10,1
110,12436890,arsenal,193,5/6 (83%),49%,3,2,1,3,10,2,1/8 (13%),8,7/9 (78%),55%,0.97,31,2,5,3,1,19/38 (50%),0,3,8/12 (67%),4,218,21,,5,3,2,3,7,43%,1,8,1,8,7,1
111,12436495,leicester,170,6/10 (60%),42%,1,0,1,1,5,1,1/3 (33%),4,3/12 (25%),46%,0.84,22,2,8,6,3,19/44 (43%),0,4,11/30 (37%),2,214,22,,2,0,1,0,8,25%,1,7,3,2,8,1
111,12436495,chelsea,248,4/10 (40%),58%,2,1,1,1,7,4,1/6 (17%),1,4/11 (36%),54%,1.86,30,1,8,1,0,25/44 (57%),0,3,8/18 (44%),0,293,23,,6,2,5,2,13,62%,0,12,0,8,13,2
112,12436489,arsenal,281,5/12 (42%),64%,0,0,,2,13,3,1/6 (17%),2,3/7 (43%),48%,0.31,22,0,4,4,0,15/30 (50%),0,3,7/15 (47%),0,309,23,,3,4,2,5,8,88%,,2,0,8,8,0
112,12436489,forest,146,7/12 (58%),36%,0,0,,2,6,1,4/13 (31%),3,3/8 (38%),52%,0.21,17,2,6,7,0,15/30 (50%),0,6,11/19 (58%),1,170,18,,3,3,0,2,6,17%,,8,0,5,6,1
113,12436493,aston-villa,272,7/14 (50%),72%,1,1,0,5,8,6,2/11 (18%),7,6/9 (67%),43%,1.12,38,0,1,4,3,13/33 (39%),0,2,9/17 (53%),0,314,30,,10,3,2,0,6,67%,0,9,3,10,6,3
113,12436493,crystal-palace,77,7/14 (50%),28%,2,2,0,1,15,1,2/10 (20%),4,3/5 (60%),57%,0.43,25,2,8,5,1,20/33 (61%),1,6,6/30 (20%),0,115,26,,5,4,3,3,10,60%,0,8,1,8,10,2
114,12436491,bournemouth,248,4/17 (24%),63%,4,3,1,3,4,4,5/26 (19%),6,3/8 (38%),39%,1.12,46,0,3,3,0,17/37 (46%),1,7,13/23 (57%),3,278,36,0,10,7,3,3,11,45%,0,7,0,13,11,1
114,12436491,brighton,138,13/17 (76%),37%,1,0,1,0,20,0,0/0 (0%),7,4/8 (50%),61%,0.45,29,0,6,10,2,20/37 (54%),0,5,9/31 (29%),0,180,26,1,2,1,1,0,11,64%,1,6,2,2,11,2
115,12436488,everton,241,8/20 (40%),72%,1,1,,5,6,5,7/26 (27%),8,4/6 (67%),46%,0.77,48,1,5,2,1,16/32 (50%),0,0,14/23 (61%),2,270,29,0,9,6,3,5,7,57%,0,6,1,14,7,
115,12436488,brentford,81,12/20 (60%),28%,0,0,,1,21,0,0/3 (0%),3,3/7 (43%),54%,0.12,26,1,4,8,3,16/32 (50%),0,2,11/28 (39%),1,117,25,0,1,1,1,2,10,60%,0,6,3,3,10,
116,12436490,fulham,274,3/5 (60%),66%,0,0,0,2,7,2,4/12 (33%),5,2/6 (33%),50%,0.18,34,0,5,2,0,17/35 (49%),1,2,10/23 (43%),1,317,30,,1,1,2,4,10,70%,0,9,0,5,10,2
116,12436490,wolves,135,2/5 (40%),34%,1,0,1,2,19,2,0/4 (0%),6,4/8 (50%),50%,0.63,24,0,6,3,2,18/35 (51%),0,6,12/28 (43%),1,166,31,,5,2,3,2,9,56%,0,13,2,7,9,0
117,12436499,man-city,276,5/8 (63%),64%,2,2,0,5,2,6,2/18 (11%),6,7/9 (78%),46%,1.04,37,1,5,0,1,18/42 (43%),1,3,12/17 (71%),1,301,27,,9,5,3,4,6,83%,1,11,1,13,6,4
117,12436499,tottenham,137,3/8 (38%),36%,4,2,2,0,10,0,1/1 (100%),4,6/8 (75%),54%,1.55,13,0,10,8,3,24/42 (57%),1,3,8/23 (35%),0,174,24,,4,1,3,0,8,88%,0,5,3,4,8,1
118,12436506,southampton,172,4/6 (67%),44%,1,0,1,0,20,0,1/2 (50%),3,2/8 (25%),43%,0.26,18,1,4,6,2,14/36 (39%),0,2,5/21 (24%),0,201,20,,2,2,1,1,8,50%,0,3,2,3,8,2
118,12436506,liverpool,210,2/6 (33%),56%,6,4,2,7,1,8,5/18 (28%),4,7/11 (64%),57%,2.53,31,5,6,4,0,22/36 (61%),1,5,8/17 (47%),0,245,22,,11,5,4,5,9,56%,1,10,0,16,9,2
119,12436497,ipswich,118,5/12 (42%),30%,2,2,0,1,9,1,2/5 (40%),6,1/3 (33%),47%,0.86,24,1,5,2,1,16/33 (48%),0,2,7/25 (28%),0,158,26,,2,1,2,2,10,30%,0,10,1,4,10,
119,12436497,man-utd,331,7/12 (58%),70%,1,1,0,2,5,3,0/4 (0%),3,3/10 (30%),53%,0.45,30,1,6,1,2,17/33 (52%),0,5,15/33 (45%),0,382,27,,5,3,1,1,8,50%,0,12,2,6,8,
120,12436496,newcastle,214,2/14 (14%),50%,0,0,,3,12,5,3/20 (15%),13,2/6 (33%),31%,0.47,33,1,4,2,3,15/40 (38%),0,6,6/19 (32%),0,253,26,,5,5,0,3,10,60%,,12,3,8,10,1
120,12436496,west-ham,227,12/14 (86%),50%,0,0,,4,23,1,1/9 (11%),5,4/9 (44%),69%,0.60,31,1,5,7,0,25/40 (63%),0,4,15/34 (44%),0,264,27,,5,1,4,4,17,82%,,8,0,9,17,0
121,12436501,brighton,218,7/13 (54%),55%,0,0,0,4,6,6,7/24 (29%),4,4/8 (50%),38%,0.75,23,3,6,2,1,12/37 (32%),0,1,6/15 (40%),3,241,22,,8,5,3,4,2,100%,0,9,1,12,2,1
121,12436501,southampton,178,6/13 (46%),45%,0,0,0,3,19,1,1/10 (10%),1,9/10 (90%),62%,0.37,20,0,9,9,3,25/37 (68%),1,1,11/23 (48%),1,204,18,,4,0,2,1,8,38%,1,0,3,5,8,2
122,12436500,brentford,241,8/15 (53%),55%,1,,1,1,21,1,2/7 (29%),6,11/16 (69%),56%,0.75,38,2,4,4,1,27/48 (56%),0,5,6/16 (38%),1,280,33,,2,1,2,2,12,42%,1,5,1,4,12,1
122,12436500,leicester,174,7/15 (47%),45%,0,,0,3,12,3,2/14 (14%),4,4/12 (33%),44%,0.28,28,1,6,5,1,21/48 (44%),0,5,11/33 (33%),0,218,26,,1,1,1,4,11,45%,0,9,1,5,11,1
123,12436502,crystal-palace,171,11/21 (52%),56%,4,3,1,5,14,5,4/13 (31%),6,3/5 (60%),58%,1.12,26,0,8,0,0,27/45 (60%),0,5,14/28 (50%),1,217,30,,8,2,4,3,18,61%,1,11,0,11,18,3
123,12436502,newcastle,129,10/21 (48%),44%,0,0,0,0,18,6,1/13 (8%),9,2/11 (18%),42%,0.00,23,3,8,3,2,18/45 (40%),0,4,14/20 (70%),1,167,24,,0,0,0,0,8,75%,1,12,2,0,8,3
124,12436503,forest,100,5/17 (29%),40%,2,1,1,2,9,6,2/7 (29%),5,2/8 (25%),43%,1.14,30,1,5,0,1,17/34 (50%),1,5,6/22 (27%),2,147,24,,2,0,3,3,10,70%,1,12,1,5,10,0
124,12436503,ipswich,176,12/17 (71%),60%,0,0,0,1,11,2,1/8 (13%),4,3/9 (33%),57%,0.29,22,0,3,4,2,17/34 (50%),0,2,7/20 (35%),1,225,20,,3,2,1,1,11,64%,0,17,2,4,11,1
125,12436922,wolves,192,6/16 (38%),59%,1,0,1,0,15,1,0/7 (0%),3,2/10 (20%),49%,0.14,18,0,6,3,1,27/51 (53%),0,6,13/25 (52%),2,233,27,,2,2,2,2,20,60%,,14,1,4,20,4
125,12436922,bournemouth,116,10/16 (63%),41%,1,0,1,1,5,2,0/9 (0%),13,2/9 (22%),51%,1.05,27,4,10,3,1,24/51 (47%),0,4,12/26 (46%),0,157,28,,4,1,2,0,11,64%,,7,1,4,11,0
126,12436914,west-ham,164,6/10 (60%),46%,1,1,0,2,6,1,1/6 (17%),5,4/8 (50%),60%,0.84,26,2,7,4,1,22/37 (59%),0,4,16/30 (53%),0,201,20,,6,3,2,1,11,82%,0,7,1,7,11,1
126,12436914,arsenal,200,4/10 (40%),54%,0,0,0,1,10,4,1/6 (17%),5,2/8 (25%),40%,0.33,25,1,4,3,2,15/37 (41%),0,3,11/23 (48%),1,238,24,,4,4,1,2,9,33%,1,9,2,6,9,0
127,12436498,chelsea,259,3/7 (43%),63%,1,1,,2,5,1,2/5 (40%),1,4/8 (50%),43%,0.72,33,1,3,3,1,14/33 (42%),0,2,8/22 (36%),1,287,23,,5,3,3,3,8,63%,0,5,1,8,8,2
127,12436498,aston-villa,138,4/7 (57%),37%,1,1,,3,6,4,2/6 (33%),5,3/6 (50%),57%,0.54,16,0,13,5,2,19/33 (58%),0,5,7/16 (44%),1,164,18,,5,2,2,2,5,60%,1,3,2,7,5,2
128,12436505,man-utd,272,2/8 (25%),59%,2,0,2,2,4,0,0/0 (0%),1,4/8 (50%),49%,0.70,11,0,6,2,1,18/33 (55%),0,4,15/24 (63%),0,297,23,,4,1,2,1,8,63%,1,3,1,5,8,2
128,12436505,everton,177,6/8 (75%),41%,1,1,0,3,2,1,1/6 (17%),3,4/9 (44%),51%,0.38,23,4,6,1,0,15/33 (45%),0,2,11/16 (69%),1,200,20,,2,0,1,2,5,60%,0,5,0,4,5,2
129,12436507,tottenham,233,5/15 (33%),54%,1,0,1,1,10,3,1/8 (13%),4,2/8 (25%),47%,0.45,31,1,10,3,3,20/38 (53%),0,4,8/12 (67%),1,266,27,0,2,1,1,1,8,75%,0,12,3,3,8,0
129,12436507,fulham,190,10/15 (67%),46%,2,2,0,0,10,3,3/12 (25%),4,6/10 (60%),53%,0.67,29,0,3,2,0,18/38 (47%),0,9,19/28 (68%),0,227,32,1,5,2,4,1,10,60%,0,5,0,6,10,1
130,12436504,liverpool,121,2/3 (67%),34%,3,2,1,2,11,2,1/4 (25%),1,1/6 (17%),48%,1.87,13,2,2,3,3,20/43 (47%),0,4,8/28 (29%),2,154,27,,6,3,3,2,16,63%,1,9,3,8,16,0
130,12436504,man-city,282,1/3 (33%),66%,1,1,0,3,11,4,0/7 (0%),9,11/18 (61%),52%,0.71,24,0,6,4,2,23/43 (53%),0,2,4/10 (40%),3,309,22,,6,2,2,1,6,100%,0,7,2,7,6,0
131,12436961,ipswich,238,18/25 (72%),60%,1,1,0,1,12,1,2/14 (14%),3,7/11 (64%),67%,0.28,35,2,7,5,1,22/35 (63%),1,4,19/34 (56%),1,286,24,,3,4,1,3,8,75%,0,6,1,6,8,1
131,12436961,crystal-palace,150,7/25 (28%),40%,2,1,1,1,14,3,0/7 (0%),6,1/3 (33%),33%,0.77,33,0,5,4,1,13/35 (37%),0,3,13/44 (30%),1,197,25,,3,1,2,1,7,57%,1,5,1,4,7,3
132,12436966,leicester,109,8/19 (42%),35%,4,3,1,0,18,2,1/6 (17%),5,3/7 (43%),54%,0.79,19,1,5,8,1,28/48 (58%),0,3,17/34 (50%),1,150,24,,5,2,3,0,20,75%,0,4,1,5,20,0
132,12436966,west-ham,242,11/19 (58%),65%,3,2,1,3,4,6,5/15 (33%),6,8/22 (36%),46%,1.45,34,1,3,3,1,20/48 (42%),0,2,15/25 (60%),2,282,28,,10,5,3,1,8,50%,1,18,1,11,8,1
133,12436947,everton,144,4/8 (50%),43%,1,1,,2,13,2,0/6 (0%),9,7/13 (54%),47%,0.46,32,1,4,4,0,21/45 (47%),0,7,16/29 (55%),3,179,26,,4,3,0,1,11,55%,,8,0,5,11,1
133,12436947,wolves,202,4/8 (50%),57%,0,0,,1,6,3,0/6 (0%),4,6/13 (46%),53%,0.02,26,0,4,3,0,24/45 (53%),0,3,10/31 (32%),0,246,22,,0,0,0,1,15,67%,,11,0,1,15,0
134,12436972,man-city,283,2/3 (67%),66%,0,0,0,2,9,5,2/6 (33%),7,8/13 (62%),56%,0.45,25,1,8,4,1,21/38 (55%),0,2,15/22 (68%),1,309,26,,4,3,3,4,5,80%,0,7,1,8,5,2
134,12436972,forest,126,1/3 (33%),34%,0,0,0,1,6,0,1/6 (17%),2,1/4 (25%),44%,0.24,19,1,4,3,2,17/38 (45%),0,7,8/17 (47%),0,156,27,,2,2,1,2,12,58%,0,6,2,4,12,3
135,12436978,newcastle,139,3/6 (50%),44%,3,1,2,2,9,0,1/6 (17%),5,6/12 (50%),50%,1.20,20,3,9,4,1,20/40 (50%),0,2,6/18 (33%),3,174,26,,4,4,2,4,5,80%,2,12,1,8,5,2
135,12436978,liverpool,196,3/6 (50%),56%,4,3,1,3,10,2,2/10 (20%),0,4/9 (44%),50%,1.74,24,0,5,4,0,20/40 (50%),1,4,8/21 (38%),0,229,24,,10,4,4,1,11,45%,0,9,0,11,11,2
136,12436984,southampton,154,4/7 (57%),36%,1,1,0,0,14,1,0/4 (0%),1,8/13 (62%),62%,0.33,12,0,6,4,3,19/30 (63%),0,4,8/20 (40%),2,181,17,0,1,0,1,0,5,80%,0,4,3,1,5,1
136,12436984,chelsea,309,3/7 (43%),64%,7,6,1,2,4,4,1/7 (14%),2,3/6 (50%),38%,2.59,41,0,2,0,1,11/30 (37%),1,6,7/8 (88%),1,329,21,0,11,3,7,1,6,50%,2,3,1,12,6,0
137,12436935,arsenal,175,4/6 (67%),54%,4,2,2,4,6,9,5/14 (36%),7,6/11 (55%),47%,1.92,26,0,2,2,2,16/37 (43%),0,2,10/24 (42%),1,209,26,,10,1,6,1,8,88%,1,11,2,11,8,1
137,12436935,man-utd,153,2/6 (33%),46%,0,0,0,0,18,0,1/4 (25%),4,4/8 (50%),53%,0.18,18,2,5,3,4,21/37 (57%),0,7,8/20 (40%),2,186,24,,2,1,2,1,12,50%,0,7,4,3,12,1
138,12436942,aston-villa,167,7/18 (39%),53%,3,3,0,3,16,8,4/14 (29%),3,6/12 (50%),56%,1.12,16,0,10,4,0,24/37 (65%),0,4,13/23 (57%),0,197,23,,9,3,5,2,9,100%,1,4,0,11,9,2
138,12436942,brentford,141,11/18 (61%),47%,1,0,1,3,13,3,2/12 (17%),3,0/6 (0%),44%,0.89,19,0,5,3,5,13/37 (35%),0,4,14/21 (67%),0,171,21,,6,3,1,1,9,44%,1,7,5,7,9,1
139,12436955,fulham,171,6/14 (43%),48%,0,0,0,0,6,3,1/11 (9%),1,8/14 (57%),56%,0.20,21,1,5,5,0,23/38 (61%),0,2,17/30 (57%),0,211,17,,2,1,1,0,10,40%,0,12,0,2,10,1
139,12436955,brighton,208,8/14 (57%),52%,1,1,0,1,15,2,2/6 (33%),4,6/12 (50%),44%,0.57,24,1,2,1,0,15/38 (39%),0,8,13/25 (52%),0,239,25,,2,2,1,2,7,57%,1,10,0,4,7,2
140,13015216,bournemouth,85,8/10 (80%),36%,5,5,0,3,13,4,3/8 (38%),5,5/11 (45%),49%,2.68,23,0,1,7,3,19/45 (42%),1,6,10/32 (31%),1,125,24,,14,8,5,2,13,69%,0,9,3,16,13,2
140,13015216,tottenham,193,2/10 (20%),64%,1,1,0,2,8,4,1/11 (9%),8,6/11 (55%),51%,0.57,25,0,9,9,5,26/45 (58%),0,6,7/15 (47%),3,232,27,,3,2,3,4,11,73%,1,13,5,7,11,0
142,12436990,aston-villa,156,5/10 (50%),45%,3,3,0,3,7,9,4/14 (29%),3,3/9 (33%),54%,1.30,28,2,9,1,0,27/49 (55%),0,2,3/10 (30%),0,188,29,,8,4,3,2,15,47%,1,4,0,10,15,1
142,12436990,southampton,212,5/10 (50%),55%,0,0,0,1,10,1,1/9 (11%),7,1/9 (11%),46%,0.10,11,0,12,4,2,22/49 (45%),0,7,8/16 (50%),1,235,26,,1,0,0,0,9,33%,0,5,2,1,9,3
143,12436450,brentford,134,6/14 (43%),42%,3,1,2,1,18,2,0/8 (0%),2,6/10 (60%),51%,1.05,33,1,4,5,1,21/39 (54%),0,2,12/28 (43%),1,176,29,,4,1,5,3,13,46%,2,5,1,7,13,2
143,12436450,newcastle,209,8/14 (57%),58%,1,1,0,1,14,2,2/13 (15%),7,7/13 (54%),49%,0.50,22,1,5,2,3,18/39 (46%),0,2,3/15 (20%),2,237,27,,4,5,1,3,6,33%,0,14,3,7,6,0
144,12436445,crystal-palace,93,3/7 (43%),25%,1,0,1,5,17,4,3/8 (38%),4,4/5 (80%),59%,0.83,17,,4,0,1,19/30 (63%),0,3,9/21 (43%),2,125,24,0,3,0,2,4,11,45%,0,8,1,7,11,1
144,12436445,man-city,346,4/7 (57%),75%,1,0,1,3,6,7,2/9 (22%),7,3/7 (43%),41%,0.44,46,,3,0,1,11/30 (37%),0,5,10/24 (42%),1,396,25,1,4,0,2,1,5,80%,1,9,1,5,5,2
145,12436449,man-utd,257,9/17 (53%),71%,0,0,0,4,3,3,3/15 (20%),8,6/9 (67%),54%,0.66,39,1,5,3,0,21/39 (54%),0,4,10/20 (50%),0,303,29,,6,3,3,4,10,80%,0,12,0,10,10,0
145,12436449,forest,82,8/17 (47%),29%,0,0,0,1,17,0,2/3 (67%),3,3/10 (30%),46%,0.46,17,1,5,7,2,18/39 (46%),0,2,9/29 (31%),1,125,33,,3,2,2,2,11,36%,0,5,2,5,11,1
146,12436459,fulham,74,5/11 (45%),31%,0,0,0,0,9,0,0/5 (0%),2,4/6 (67%),64%,0.12,15,0,7,7,2,27/39 (69%),0,4,11/34 (32%),0,121,26,,1,0,1,0,16,63%,0,5,2,1,16,4
146,12436459,arsenal,230,6/11 (55%),69%,3,2,1,0,7,2,7/19 (37%),6,2/12 (17%),36%,1.51,34,3,7,0,1,12/39 (31%),0,2,10/20 (50%),1,264,32,,6,4,3,1,4,75%,0,10,1,7,4,2
147,12436462,ipswich,139,12/24 (50%),43%,0,0,0,5,13,1,1/3 (33%),3,5/9 (56%),57%,0.48,27,,7,8,3,24/39 (62%),0,2,13/32 (41%),,191,36,,6,2,1,2,12,58%,1,9,3,8,12,0
147,12436462,bournemouth,203,12/24 (50%),57%,4,2,2,4,13,7,0/10 (0%),4,6/14 (43%),43%,2.01,36,,3,2,1,15/39 (38%),0,6,14/28 (50%),,250,44,,9,5,5,5,7,71%,1,11,1,14,7,1
148,12436444,leicester,235,8/11 (73%),56%,2,0,2,3,5,2,3/11 (27%),5,10/17 (59%),54%,1.15,28,1,4,5,1,23/46 (50%),0,5,9/24 (38%),0,283,22,,4,1,2,2,9,44%,,15,1,6,9,1
148,12436444,brighton,186,3/11 (27%),44%,0,0,0,2,13,1,2/3 (67%),5,6/10 (60%),46%,0.82,14,1,5,3,0,23/46 (50%),0,2,11/25 (44%),0,224,27,,2,2,2,4,12,75%,,6,0,6,12,1
149,12436441,tottenham,144,3/8 (38%),44%,3,2,1,3,7,2,3/7 (43%),8,5/7 (71%),44%,1.43,22,2,7,3,2,18/40 (45%),0,2,9/18 (50%),1,174,23,,6,3,2,2,6,83%,1,9,2,8,6,1
149,12436441,chelsea,187,5/8 (63%),56%,2,0,2,2,3,6,1/6 (17%),1,5/10 (50%),56%,2.18,25,3,5,4,1,22/40 (55%),0,3,9/27 (33%),1,228,21,,7,2,5,2,10,60%,0,8,1,9,10,2
150,12436454,west-ham,148,10/19 (53%),50%,0,0,0,2,10,2,2/5 (40%),3,7/10 (70%),52%,0.20,23,1,11,6,2,22/42 (52%),0,2,11/30 (37%),4,200,27,,4,3,2,3,4,50%,0,11,2,7,4,4
150,12436454,wolves,147,9/19 (47%),50%,1,0,1,2,7,0,3/7 (43%),2,6/8 (75%),48%,0.86,27,2,8,2,0,20/42 (48%),0,3,20/38 (53%),1,195,30,,7,5,3,3,6,33%,0,9,0,10,6,3
151,13344418,everton,125,11/25 (44%),43%,0,,0,1,24,1,2/9 (22%),5,4/11 (36%),51%,0.35,36,1,10,0,1,25/45 (56%),0,2,21/38 (55%),2,170,26,1,5,4,2,2,11,55%,0,13,1,7,11,2
151,13344418,liverpool,179,14/25 (56%),57%,1,,1,1,18,2,0/4 (0%),7,5/9 (56%),49%,0.39,36,0,3,5,1,20/45 (44%),0,4,9/35 (26%),1,232,18,1,2,0,2,1,12,58%,0,13,1,3,12,2
152,12436438,arsenal,321,8/15 (53%),80%,0,0,,2,2,3,6/15 (40%),10,9/17 (53%),45%,0.56,47,1,6,0,0,23/54 (43%),0,0,13/17 (76%),3,348,32,,6,1,3,0,9,67%,,13,0,6,9,0
152,12436438,everton,58,7/15 (47%),20%,0,0,,1,23,1,1/4 (25%),6,9/12 (75%),55%,0.00,20,0,5,2,3,31/54 (57%),0,3,7/27 (26%),2,88,31,,0,0,0,1,18,72%,,7,3,1,18,3
153,12436446,liverpool,204,9/17 (53%),60%,2,0,2,4,6,3,4/18 (22%),2,8/16 (50%),49%,1.61,28,2,2,5,1,16/34 (47%),0,6,15/24 (63%),0,236,19,0,12,5,3,0,7,71%,,11,1,12,7,2
153,12436446,fulham,130,8/17 (47%),40%,1,0,1,1,17,2,2/9 (22%),3,4/8 (50%),51%,0.65,20,0,5,6,1,18/34 (53%),0,3,13/24 (54%),1,159,21,0,3,3,2,3,10,60%,,5,1,6,10,1
154,12436460,newcastle,328,5/10 (50%),64%,4,1,3,3,6,2,2/6 (33%),5,5/11 (45%),50%,2.29,32,5,7,1,1,18/36 (50%),0,3,13/19 (68%),0,371,27,,10,4,6,3,6,83%,0,8,1,13,6,1
154,12436460,leicester,165,5/10 (50%),36%,0,0,0,0,12,0,0/4 (0%),2,4/8 (50%),50%,0.05,14,0,3,6,3,18/36 (50%),0,10,9/23 (39%),2,201,24,,1,0,1,0,11,18%,0,9,3,1,11,2
155,12436456,wolves,189,8/15 (53%),53%,0,0,,3,6,6,4/14 (29%),6,8/8 (100%),55%,0.85,34,0,3,2,1,23/41 (56%),0,4,16/32 (50%),2,236,36,1,8,3,5,3,12,58%,0,8,1,11,12,2
155,12436456,ipswich,170,7/15 (47%),47%,1,1,,2,14,2,2/8 (25%),7,5/10 (50%),45%,0.63,23,0,7,4,4,18/41 (44%),0,8,12/27 (44%),3,210,36,0,5,2,2,1,6,17%,0,5,4,6,6,3
156,12436447,forest,166,4/10 (40%),45%,3,1,2,3,17,3,3/10 (30%),5,3/7 (43%),40%,1.50,24,0,2,3,0,13/32 (41%),0,4,11/15 (73%),1,184,25,,8,3,6,4,8,88%,,3,0,12,8,0
156,12436447,aston-villa,200,6/10 (60%),55%,0,0,0,1,11,3,3/9 (33%),3,3/8 (38%),60%,0.29,27,1,7,4,4,19/32 (59%),0,3,11/19 (58%),1,227,20,,4,2,1,0,9,33%,,5,4,4,9,1
157,12436457,brighton,311,7/18 (39%),80%,1,1,0,6,4,7,6/20 (30%),7,9/13 (69%),53%,0.66,37,3,9,3,1,24/40 (60%),0,2,9/19 (47%),0,349,24,,7,1,4,4,8,100%,,9,1,11,8,0
157,12436457,crystal-palace,54,11/18 (61%),20%,2,1,1,1,26,1,1/3 (33%),6,2/4 (50%),47%,1.05,15,0,3,4,4,16/40 (40%),0,7,6/28 (21%),0,89,23,,5,3,2,1,11,64%,,6,4,6,11,3
158,12436451,man-city,200,3/8 (38%),50%,0,0,0,1,3,4,0/9 (0%),9,5/12 (42%),46%,0.22,39,0,7,5,1,22/46 (48%),0,6,11/20 (55%),0,233,15,,1,2,0,2,10,60%,1,11,1,3,10,0
158,12436451,man-utd,205,5/8 (63%),50%,3,1,2,1,10,1,4/6 (67%),5,6/11 (55%),54%,1.96,16,1,1,2,0,24/46 (52%),0,9,12/24 (50%),2,232,26,,5,2,3,1,16,31%,2,5,0,6,16,0
159,12436461,chelsea,183,6/15 (40%),55%,2,2,0,4,10,2,3/13 (23%),2,3/10 (30%),49%,1.21,27,2,6,1,3,22/42 (52%),0,4,11/27 (41%),0,220,37,1,7,4,3,4,13,62%,0,8,3,11,13,2
159,12436461,brentford,142,9/15 (60%),45%,4,3,1,1,10,3,3/11 (27%),6,3/10 (30%),51%,1.46,24,0,10,6,2,20/42 (48%),1,4,9/25 (36%),1,183,33,0,6,3,4,2,9,100%,2,4,2,8,9,2
160,12436458,southampton,246,6/8 (75%),48%,1,1,0,2,3,2,3/7 (43%),6,2/5 (40%),57%,0.30,22,0,7,3,1,14/27 (52%),0,7,9/15 (60%),2,270,24,,3,3,2,4,5,100%,0,3,1,7,5,0
160,12436458,tottenham,260,2/8 (25%),52%,1,1,0,0,5,2,1/5 (20%),1,3/7 (43%),43%,0.44,26,0,1,4,3,13/27 (48%),0,6,5/15 (33%),0,290,26,,1,1,1,1,9,56%,0,5,3,2,9,2
161,12436465,bournemouth,177,12/22 (55%),60%,0,0,0,8,6,9,6/22 (27%),3,2/6 (33%),61%,1.31,39,2,6,2,0,18/27 (67%),0,3,20/39 (51%),1,236,31,,11,5,7,9,10,70%,0,12,0,20,10,0
161,12436465,west-ham,105,10/22 (45%),40%,1,0,1,3,22,2,3/8 (38%),3,1/8 (13%),39%,1.26,28,1,1,6,6,9/27 (33%),0,4,9/45 (20%),0,163,28,,5,3,1,2,7,57%,0,5,6,7,7,1
162,12436453,aston-villa,243,1/2 (50%),55%,1,1,0,1,3,1,0/2 (0%),0,6/9 (67%),62%,0.44,21,1,6,4,2,20/32 (63%),1,2,10/23 (43%),1,278,20,,5,2,2,0,8,50%,2,7,2,5,8,1
162,12436453,man-city,199,1/2 (50%),45%,1,0,1,1,8,1,1/4 (25%),3,5/10 (50%),38%,0.50,23,1,4,2,1,12/32 (38%),0,1,6/10 (60%),0,223,24,,2,2,3,4,3,33%,0,4,1,6,3,3
163,12436463,brentford,243,9/21 (43%),67%,1,1,0,2,5,5,3/27 (11%),7,8/15 (53%),51%,0.30,32,3,9,3,2,25/46 (54%),0,8,12/19 (63%),1,274,23,,3,0,1,0,8,50%,,7,2,3,8,2
163,12436463,forest,106,12/21 (57%),33%,0,0,0,1,36,1,1/4 (25%),3,2/7 (29%),49%,0.49,22,0,5,3,1,21/46 (46%),0,6,8/23 (35%),2,143,24,,4,2,3,2,14,43%,,8,1,6,14,3
164,12436467,ipswich,161,4/8 (50%),35%,0,0,0,3,2,1,1/3 (33%),5,2/6 (33%),36%,0.42,26,,4,4,1,9/28 (32%),0,3,11/20 (55%),1,191,27,,5,2,1,1,4,75%,1,6,1,6,4,2
164,12436467,newcastle,318,4/8 (50%),65%,2,1,1,0,7,1,3/3 (100%),2,6/8 (75%),64%,0.50,18,,5,6,1,19/28 (68%),1,1,15/28 (54%),1,353,21,,5,3,2,0,9,67%,3,8,1,5,9,0
165,12436478,west-ham,94,10/21 (48%),38%,1,0,1,3,22,2,0/6 (0%),2,3/10 (30%),46%,1.01,23,0,7,5,4,19/42 (45%),0,4,11/39 (28%),1,146,29,,5,2,3,3,10,60%,0,12,4,8,10,0
165,12436478,brighton,200,11/21 (52%),62%,4,3,1,3,14,4,3/17 (18%),7,7/10 (70%),54%,0.87,33,1,7,0,2,23/42 (55%),1,6,17/25 (68%),0,236,28,,9,2,5,1,9,44%,1,8,2,10,9,1
166,12436464,crystal-palace,182,3/10 (30%),41%,2,2,0,2,14,2,2/5 (40%),8,2/5 (40%),48%,0.48,23,1,2,3,1,19/36 (53%),0,3,8/24 (33%),0,216,19,,3,1,3,3,15,40%,0,8,1,6,15,2
166,12436464,arsenal,272,7/10 (70%),59%,2,1,1,3,8,1,5/9 (56%),5,3/13 (23%),52%,1.39,26,0,4,0,3,17/36 (47%),0,6,7/12 (58%),0,304,21,,6,1,3,1,11,64%,1,11,3,7,11,0
167,12436466,everton,67,3/9 (33%),27%,2,2,,1,9,2,1/7 (14%),6,4/14 (29%),39%,0.88,17,1,5,8,1,24/61 (39%),0,3,12/32 (38%),0,100,20,,2,0,2,1,15,27%,,3,1,3,15,2
167,12436466,chelsea,250,6/9 (67%),73%,0,0,,3,6,3,1/10 (10%),5,14/24 (58%),61%,0.20,37,3,8,1,2,37/61 (61%),0,1,14/27 (52%),0,286,24,,1,0,1,3,16,69%,,7,2,4,16,1
168,12436468,fulham,221,8/14 (57%),60%,2,2,,2,10,5,7/21 (33%),4,4/8 (50%),54%,0.59,25,1,6,2,1,12/23 (52%),0,2,5/12 (42%),0,254,15,,5,1,4,2,2,50%,,15,1,7,2,1
168,12436468,southampton,142,6/14 (43%),40%,0,0,,2,26,4,3/11 (27%),0,0/2 (0%),46%,0.15,16,3,3,5,4,11/23 (48%),0,8,5/25 (20%),0,177,23,,2,1,1,2,8,38%,,5,4,4,8,2
169,12436469,leicester,243,3/7 (43%),52%,1,1,0,1,1,4,3/17 (18%),5,3/13 (23%),45%,0.62,30,2,6,4,1,19/42 (45%),0,5,9/13 (69%),0,277,25,,5,2,2,0,11,55%,2,10,1,5,11,0
169,12436469,wolves,232,4/7 (57%),48%,1,1,0,0,16,1,2/3 (67%),5,2/8 (25%),55%,0.69,15,1,6,3,2,23/42 (55%),1,5,16/30 (53%),0,263,33,,3,3,1,1,15,47%,0,3,2,4,15,0
170,12436470,man-utd,230,7/14 (50%),66%,3,3,0,3,8,8,2/9 (22%),6,5/12 (42%),51%,1.28,29,0,5,2,0,21/41 (51%),0,1,13/29 (45%),0,281,28,,5,5,4,7,12,58%,1,10,0,12,12,0
170,12436470,bournemouth,106,7/14 (50%),34%,2,0,2,1,16,1,0/3 (0%),7,5/10 (50%),49%,1.30,28,1,1,7,4,20/41 (49%),0,6,10/29 (34%),1,151,29,,5,2,2,0,13,54%,1,10,4,5,13,2
171,12436471,tottenham,261,3/7 (43%),55%,2,0,2,1,14,6,3/15 (20%),5,7/16 (44%),49%,1.04,25,0,4,5,4,21/42 (50%),0,4,8/15 (53%),1,300,30,,4,0,3,0,10,70%,0,11,4,4,10,1
171,12436471,liverpool,215,4/7 (57%),45%,7,4,3,0,14,3,2/7 (29%),6,2/6 (33%),51%,3.20,27,1,5,2,1,21/42 (50%),0,8,10/21 (48%),1,251,35,,8,4,7,3,14,64%,2,3,1,11,14,1
172,12436481,man-city,287,3/9 (33%),73%,2,2,0,5,5,4,7/15 (47%),2,5/12 (42%),51%,1.25,33,2,3,3,1,21/38 (55%),0,0,7/12 (58%),2,319,20,,7,6,2,6,12,58%,0,11,1,13,12,1
172,12436481,everton,88,6/9 (67%),27%,0,0,0,2,21,3,4/7 (57%),7,5/10 (50%),49%,0.16,30,0,3,6,2,17/38 (45%),0,4,14/32 (44%),1,120,25,,3,1,1,1,9,78%,0,7,2,4,9,3
173,12436476,bournemouth,192,4/15 (27%),53%,,,,1,12,2,2/17 (12%),9,0/8 (0%),39%,0.75,39,1,4,4,2,21/49 (43%),0,6,11/26 (42%),1,230,32,,8,6,2,1,17,65%,1,14,2,9,17,1
173,12436476,crystal-palace,164,11/15 (73%),47%,,,,3,14,2,2/5 (40%),9,4/12 (33%),61%,0.21,36,1,7,7,2,28/49 (57%),0,3,12/29 (41%),0,211,33,,3,1,2,3,17,53%,0,7,2,6,17,1
174,12436473,chelsea,224,3/10 (30%),50%,2,2,0,2,8,3,2/12 (17%),0,5/8 (63%),44%,0.68,36,2,6,4,3,16/33 (48%),0,2,10/21 (48%),3,264,23,,5,1,4,2,5,40%,,4,3,7,5,1
174,12436473,fulham,235,7/10 (70%),50%,3,1,2,0,14,0,6/11 (55%),3,8/10 (80%),56%,1.58,22,2,7,4,4,17/33 (52%),0,2,17/28 (61%),1,267,23,,6,4,5,3,3,67%,,3,4,9,3,1
175,12436477,newcastle,270,9/12 (75%),64%,2,1,1,5,13,6,1/9 (11%),7,2/2 (100%),45%,1.96,31,0,2,1,0,9/28 (32%),1,4,10/12 (83%),3,284,28,0,11,4,4,2,5,80%,1,4,0,13,5,0
175,12436477,aston-villa,126,3/12 (25%),36%,0,0,0,0,6,4,1/14 (7%),3,6/8 (75%),55%,0.19,15,1,7,6,1,19/28 (68%),0,2,9/22 (41%),0,154,17,0,1,1,0,0,7,57%,0,5,1,1,7,0
176,12436479,forest,75,9/12 (75%),29%,1,1,0,1,18,2,1/3 (33%),4,6/9 (67%),60%,0.78,27,1,10,7,1,23/41 (56%),0,3,10/30 (33%),2,114,20,0,5,3,2,1,7,43%,0,8,1,6,7,1
176,12436479,tottenham,240,3/12 (25%),71%,1,1,0,2,3,5,0/12 (0%),4,6/9 (67%),40%,0.44,38,2,5,4,2,18/41 (44%),0,4,3/14 (21%),1,277,27,1,3,3,1,3,7,29%,0,9,2,6,7,4
177,12436480,southampton,226,12/25 (48%),61%,1,1,0,1,7,0,3/10 (30%),3,4/12 (33%),44%,0.43,37,2,4,4,0,16/38 (42%),0,3,18/38 (47%),,271,28,,7,6,0,0,8,63%,0,13,0,7,8,0
177,12436480,west-ham,126,13/25 (52%),39%,1,0,1,3,11,1,3/6 (50%),6,5/7 (71%),56%,1.11,23,0,6,7,0,22/38 (58%),0,2,14/35 (40%),,171,25,,8,4,1,0,11,64%,1,5,0,8,11,2
178,12436482,wolves,229,6/9 (67%),59%,1,,1,1,14,1,0/4 (0%),6,3/6 (50%),54%,0.63,31,0,7,3,2,19/37 (51%),0,7,13/34 (38%),3,271,29,0,2,0,2,1,9,89%,,9,2,3,9,1
178,12436482,man-utd,133,3/9 (33%),41%,0,,0,1,11,2,5/12 (42%),4,3/8 (38%),46%,0.18,33,2,6,1,0,18/37 (49%),0,9,6/29 (21%),0,176,25,1,3,2,2,2,9,67%,,11,0,5,9,2
179,12436474,liverpool,292,6/15 (40%),64%,1,,1,3,6,6,5/15 (33%),5,2/4 (50%),42%,1.06,40,2,3,0,0,14/33 (42%),0,4,11/17 (65%),3,313,24,,8,1,5,1,9,56%,3,6,0,9,9,2
179,12436474,leicester,146,9/15 (60%),36%,0,,0,0,18,0,1/3 (33%),5,0/4 (0%),58%,0.00,11,0,12,3,3,19/33 (58%),0,4,14/26 (54%),2,176,21,,0,0,0,0,7,43%,0,9,3,0,7,1
180,12436475,brighton,184,10/14 (71%),58%,0,0,,1,13,3,2/8 (25%),4,3/9 (33%),55%,0.45,33,0,6,2,3,16/33 (48%),0,3,12/31 (39%),0,233,37,,6,7,1,3,7,86%,,6,3,9,7,0
180,12436475,brentford,121,4/14 (29%),42%,1,1,,2,14,3,2/8 (25%),1,3/9 (33%),45%,0.99,19,0,4,8,1,17/33 (52%),0,8,12/34 (35%),2,169,30,,5,1,3,1,10,50%,,9,1,6,10,2
181,12436472,arsenal,193,9/13 (69%),49%,2,2,0,4,9,3,2/6 (33%),5,4/9 (44%),57%,0.98,19,2,7,1,0,21/40 (53%),0,3,5/13 (38%),0,226,19,,7,2,3,2,11,73%,,6,0,9,11,1
181,12436472,ipswich,200,4/13 (31%),51%,0,0,0,3,7,1,1/6 (17%),7,6/10 (60%),43%,0.15,17,1,5,4,3,19/40 (48%),0,5,6/23 (26%),1,233,21,,0,0,0,3,10,80%,,3,3,3,10,1
182,12436512,leicester,280,3/6 (50%),59%,2,2,0,1,7,1,4/10 (40%),2,7/12 (58%),50%,0.86,25,2,4,2,0,18/36 (50%),1,6,11/13 (85%),1,300,16,,5,3,2,1,7,57%,,9,0,6,7,2
182,12436512,man-city,185,3/6 (50%),41%,1,0,1,1,10,3,4/7 (57%),3,3/7 (43%),50%,0.32,10,1,8,5,1,18/36 (50%),0,3,9/14 (64%),2,209,13,,3,3,1,2,7,57%,,10,1,5,7,1
183,12436532,crystal-palace,107,9/18 (50%),40%,0,0,0,2,23,4,1/11 (9%),5,2/5 (40%),48%,0.46,28,2,8,3,1,21/45 (47%),0,4,10/27 (37%),0,149,28,,2,1,3,4,11,64%,,7,1,6,11,2
183,12436532,southampton,178,9/18 (50%),60%,0,0,0,0,15,4,4/15 (27%),5,2/8 (25%),52%,0.16,30,2,14,2,3,24/45 (53%),0,6,14/30 (47%),1,220,28,,3,2,1,0,8,50%,,6,3,3,8,3
184,12436517,everton,203,12/25 (48%),70%,0,0,,2,6,3,5/23 (22%),6,7/11 (64%),51%,0.52,54,2,7,1,5,23/43 (53%),0,2,21/37 (57%),1,240,25,,6,4,2,2,10,60%,0,18,5,8,10,3
184,12436517,forest,65,13/25 (52%),30%,3,3,,0,23,4,0/4 (0%),9,4/5 (80%),49%,1.06,19,2,6,6,2,20/43 (47%),0,3,8/34 (24%),1,107,28,,5,1,6,2,10,80%,1,4,2,7,10,1
185,12436515,fulham,208,6/21 (29%),58%,0,0,0,2,13,0,5/10 (50%),4,5/7 (71%),58%,0.88,30,1,10,1,3,32/45 (71%),0,8,13/30 (43%),,256,28,,5,2,3,2,17,41%,0,8,3,7,17,1
185,12436515,bournemouth,141,15/21 (71%),42%,2,0,2,0,12,1,1/7 (14%),10,3/10 (30%),42%,0.76,37,2,5,4,2,13/45 (29%),0,6,8/30 (27%),,191,28,,4,2,5,3,6,83%,1,16,2,7,6,1
186,12436521,tottenham,162,10/15 (67%),49%,2,2,0,1,14,1,3/8 (38%),5,4/7 (57%),56%,0.95,25,0,4,3,1,15/30 (50%),0,0,7/23 (30%),2,212,28,,5,4,0,0,8,63%,0,11,1,5,8,1
186,12436521,wolves,164,5/15 (33%),51%,1,0,1,3,6,4,3/11 (27%),4,4/8 (50%),44%,0.56,32,0,4,5,0,15/30 (50%),0,0,14/37 (38%),1,213,26,,4,2,2,3,8,63%,1,12,0,7,8,0
187,12436513,west-ham,255,2/3 (67%),52%,1,1,0,2,12,1,0/4 (0%),8,4/10 (40%),48%,0.24,27,0,6,5,3,18/39 (46%),1,3,9/13 (69%),3,287,22,,3,2,0,1,8,63%,0,6,3,4,8,
187,12436513,liverpool,234,1/3 (33%),48%,3,2,1,1,7,2,2/8 (25%),3,4/9 (44%),52%,1.51,38,1,3,2,0,21/39 (54%),0,2,8/15 (53%),0,265,25,,7,4,5,3,14,64%,1,4,0,10,14,
188,12436530,aston-villa,202,6/11 (55%),57%,1,1,0,3,10,7,2/11 (18%),5,10/16 (63%),64%,0.41,20,1,9,4,1,33/50 (66%),0,4,14/23 (61%),1,240,24,,6,3,2,2,14,57%,,9,1,8,14,0
188,12436530,brighton,148,5/11 (45%),43%,1,1,0,4,19,2,2/7 (29%),6,5/13 (38%),36%,0.67,15,0,1,2,2,17/50 (34%),0,6,13/22 (59%),0,178,29,,5,3,1,3,11,55%,,5,2,8,11,2
189,12436510,ipswich,65,8/15 (53%),23%,0,0,0,0,20,3,1/5 (20%),4,0/2 (0%),51%,0.26,19,0,2,7,1,10/20 (50%),0,4,9/30 (30%),0,105,27,,3,1,3,1,8,38%,0,3,1,4,8,3
189,12436510,chelsea,326,7/15 (47%),77%,2,2,0,5,8,6,1/14 (7%),4,3/7 (43%),49%,0.64,41,1,2,4,2,10/20 (50%),0,1,8/13 (62%),1,365,26,,7,3,2,3,6,50%,0,12,2,10,6,4
190,12436522,man-utd,249,4/10 (40%),56%,0,0,0,4,5,2,2/11 (18%),5,2/9 (22%),40%,0.63,34,1,3,1,0,17/43 (40%),1,2,11/22 (50%),1,279,25,,5,2,1,2,13,54%,,10,0,7,13,1
190,12436522,newcastle,184,6/10 (60%),44%,0,0,0,0,11,0,1/3 (33%),4,4/13 (31%),60%,0.02,20,2,10,2,0,26/43 (60%),0,2,9/27 (33%),3,220,27,,1,1,0,0,12,83%,,12,0,1,12,1
191,12436410,brentford,244,3/11 (27%),63%,0,,0,0,8,2,1/9 (11%),6,1/5 (20%),33%,0.10,31,1,5,3,0,8/22 (36%),0,3,22/43 (51%),0,290,22,,1,1,0,0,2,100%,0,7,0,1,2,0
191,12436410,arsenal,126,8/11 (73%),37%,1,,1,0,13,2,1/7 (14%),1,2/3 (67%),67%,1.05,22,0,3,2,0,14/22 (64%),0,4,10/22 (45%),3,165,29,,5,2,3,0,10,50%,1,5,0,5,10,1
192,12436519,tottenham,248,15/27 (56%),67%,0,0,0,2,8,6,3/19 (16%),3,3/8 (38%),57%,0.60,30,2,10,2,1,24/41 (59%),1,7,12/19 (63%),1,290,26,,7,5,2,2,11,82%,0,5,1,9,11,1
192,12436519,newcastle,101,12/27 (44%),33%,1,1,0,5,19,3,2/5 (40%),6,3/8 (38%),43%,0.62,16,0,6,3,2,17/41 (41%),0,4,8/21 (38%),1,146,23,,5,1,1,2,8,63%,1,10,2,7,8,3
193,12436523,aston-villa,271,5/9 (56%),61%,3,2,1,3,8,3,0/7 (0%),7,4/10 (40%),52%,1.40,24,1,5,1,1,20/39 (51%),1,3,8/20 (40%),0,305,23,,6,3,4,4,11,45%,0,10,1,10,11,0
193,12436523,leicester,163,4/9 (44%),39%,3,2,1,0,6,1,2/5 (40%),6,2/7 (29%),48%,0.36,23,0,4,3,2,19/39 (49%),0,7,5/15 (33%),0,198,25,,3,1,2,0,13,46%,1,9,2,3,13,1
194,12436518,bournemouth,178,12/17 (71%),57%,0,0,,1,19,4,4/16 (25%),6,4/6 (67%),52%,0.45,36,1,6,5,0,19/43 (44%),0,6,11/25 (44%),0,225,27,,4,3,4,4,9,89%,0,10,0,8,9,2
194,12436518,everton,120,5/17 (29%),43%,1,1,,0,15,0,1/7 (14%),8,8/9 (89%),48%,0.51,36,2,8,5,3,24/43 (56%),0,3,19/48 (40%),0,177,29,,3,4,0,1,8,75%,0,17,3,4,8,1
195,12436419,crystal-palace,136,9/13 (69%),41%,2,1,1,3,10,4,3/8 (38%),4,3/7 (43%),64%,0.97,26,1,8,4,0,27/43 (63%),0,4,15/28 (54%),0,179,23,,7,1,5,2,17,53%,0,9,0,9,17,0
195,12436419,chelsea,222,4/13 (31%),59%,0,0,0,3,7,2,1/6 (17%),11,2/8 (25%),36%,0.37,29,3,6,2,4,16/43 (37%),0,3,23/35 (66%),0,259,29,,4,3,0,2,8,25%,0,10,4,6,8,2
196,12436508,man-city,226,4/10 (40%),55%,2,0,2,1,7,1,0/0 (0%),7,3/6 (50%),45%,0.96,18,0,6,6,3,14/30 (47%),0,3,11/22 (50%),0,255,16,,3,0,3,1,5,40%,1,9,3,4,5,1
196,12436508,west-ham,175,6/10 (60%),45%,2,1,1,1,2,1,5/9 (56%),1,3/7 (43%),55%,0.87,14,1,4,1,1,16/30 (53%),0,5,17/25 (68%),0,203,19,,8,5,4,2,10,70%,2,7,1,10,10,0
197,12436520,southampton,159,8/14 (57%),51%,0,0,0,1,11,2,0/5 (0%),3,7/12 (58%),52%,0.11,16,0,3,5,3,14/28 (50%),0,1,10/23 (43%),0,191,18,,1,2,0,2,4,50%,0,1,3,3,4,1
197,12436520,brentford,165,6/14 (43%),49%,8,4,4,1,9,2,1/8 (13%),2,3/5 (60%),48%,3.21,28,1,3,3,0,14/28 (50%),0,2,6/16 (38%),0,186,20,,14,5,8,0,8,50%,1,7,0,14,8,0
198,12436528,brighton,153,9/17 (53%),43%,2,1,1,0,12,0,1/5 (20%),2,7/13 (54%),59%,0.97,23,3,9,3,1,25/41 (61%),0,6,12/24 (50%),0,184,27,,3,2,3,2,9,89%,0,7,1,5,9,2
198,12436528,arsenal,208,8/17 (47%),57%,2,2,0,0,3,2,2/8 (25%),5,1/5 (20%),41%,0.29,29,3,8,4,2,16/41 (39%),0,1,12/22 (55%),3,237,30,,3,3,1,1,8,50%,1,7,2,4,8,2
199,12436525,fulham,268,17/26 (65%),74%,3,1,2,1,6,5,2/15 (13%),2,3/6 (50%),67%,1.81,34,3,8,4,1,23/34 (68%),0,0,9/24 (38%),0,317,20,,6,3,3,1,10,40%,0,18,1,7,10,1
199,12436525,ipswich,74,9/26 (35%),26%,1,0,1,0,16,1,2/3 (67%),6,2/6 (33%),33%,1.10,25,2,4,5,1,11/34 (32%),1,10,8/35 (23%),1,114,23,,3,3,2,2,5,80%,0,6,1,5,5,3
200,12436514,liverpool,129,6/10 (60%),49%,2,1,1,3,18,4,2/12 (17%),3,7/10 (70%),53%,1.67,21,2,5,2,1,18/35 (51%),0,6,9/29 (31%),0,165,20,,8,3,5,3,6,33%,0,9,1,11,6,2
200,12436514,man-utd,116,4/10 (40%),51%,2,1,1,3,16,7,3/15 (20%),1,6/11 (55%),47%,0.61,22,1,5,5,3,17/35 (49%),0,9,10/27 (37%),2,167,20,,6,1,3,1,6,33%,2,10,3,7,6,3
201,12436437,wolves,241,8/16 (50%),68%,0,0,0,3,10,3,3/16 (19%),4,3/8 (38%),49%,0.27,39,1,6,5,0,16/33 (48%),0,8,11/17 (65%),1,288,21,,2,1,1,3,7,43%,0,8,0,5,7,1
201,12436437,forest,100,8/16 (50%),32%,3,2,1,1,21,2,2/5 (40%),3,2/6 (33%),51%,1.56,24,0,6,5,1,17/33 (52%),0,7,8/24 (33%),2,137,21,,5,4,1,1,9,67%,1,9,1,6,9,0
202,12436436,brentford,192,10/23 (43%),51%,4,3,1,2,9,1,4/11 (36%),5,4/7 (57%),40%,2.30,36,1,2,6,4,10/27 (37%),0,5,11/24 (46%),2,225,19,,12,7,5,2,4,50%,,7,4,14,4,
202,12436436,man-city,182,13/23 (57%),49%,4,2,2,0,18,3,6/11 (55%),4,5/5 (100%),60%,1.65,22,0,4,5,2,17/27 (63%),1,3,18/32 (56%),0,218,18,,11,7,6,2,8,63%,,6,2,13,8,
203,12436531,chelsea,189,8/17 (47%),62%,0,0,0,5,1,4,3/8 (38%),2,6/13 (46%),50%,0.56,25,2,8,3,1,18/35 (51%),0,2,19/28 (68%),1,230,22,,8,3,5,5,4,75%,0,13,1,13,4,1
203,12436531,bournemouth,101,9/17 (53%),38%,1,0,1,1,15,2,1/7 (14%),2,3/5 (60%),50%,1.02,25,2,4,4,4,17/35 (49%),0,6,8/21 (38%),1,136,25,,5,2,3,1,9,56%,0,11,4,6,9,2
204,12436509,west-ham,143,11/18 (61%),42%,1,0,1,0,17,0,0/3 (0%),7,7/8 (88%),58%,0.58,24,1,9,6,2,23/41 (56%),0,4,21/33 (64%),3,179,25,,1,1,1,1,7,43%,,2,2,2,7,3
204,12436509,fulham,204,7/18 (39%),58%,2,2,0,3,4,2,3/14 (21%),4,2/5 (40%),42%,1.23,34,3,8,2,0,18/41 (44%),0,2,13/24 (54%),0,242,24,,7,5,5,6,8,63%,,11,0,13,8,2
205,12436526,forest,72,5/14 (36%),29%,0,0,0,2,31,0,0/5 (0%),3,4/7 (57%),55%,0.09,21,2,6,5,5,22/35 (63%),0,6,14/33 (42%),1,109,26,,0,0,1,3,12,75%,0,11,5,3,12,1
205,12436526,liverpool,228,9/14 (64%),71%,3,2,1,4,15,7,5/16 (31%),7,2/7 (29%),45%,1.52,29,3,5,1,1,13/35 (37%),0,1,11/17 (65%),0,269,25,,11,3,7,3,6,33%,0,7,1,14,6,1
206,12436434,everton,193,13/25 (52%),58%,2,2,0,1,12,4,3/11 (27%),7,1/2 (50%),49%,0.66,39,0,6,2,0,20/43 (47%),0,2,17/31 (55%),2,238,25,,4,3,1,1,13,38%,0,7,0,5,13,2
206,12436434,aston-villa,142,12/25 (48%),42%,2,1,1,0,20,1,0/4 (0%),8,2/7 (29%),51%,0.53,24,4,13,2,1,23/43 (53%),0,5,11/29 (38%),0,183,27,,2,1,1,0,8,88%,0,9,1,2,8,0
207,12436527,leicester,198,10/16 (63%),52%,2,2,0,2,6,3,4/12 (33%),8,4/7 (57%),51%,0.65,25,0,3,1,2,19/41 (46%),1,4,11/26 (42%),1,248,30,,8,7,1,2,13,62%,1,12,2,10,13,
207,12436527,crystal-palace,182,6/16 (38%),48%,3,1,2,1,14,3,1/6 (17%),9,7/11 (64%),49%,1.40,30,1,5,6,1,22/41 (54%),0,6,17/38 (45%),1,234,30,,5,0,4,0,11,64%,2,5,1,5,11,
208,12436529,newcastle,195,6/10 (60%),55%,3,1,2,3,13,3,4/10 (40%),7,3/5 (60%),51%,1.45,22,0,7,3,6,17/35 (49%),0,4,12/20 (60%),0,227,28,,6,3,2,2,8,88%,2,7,6,8,8,0
208,12436529,wolves,165,4/10 (40%),45%,2,2,0,2,6,2,2/6 (33%),2,5/11 (45%),49%,1.14,27,1,4,5,0,18/35 (51%),1,2,13/21 (62%),1,195,24,,5,2,6,5,9,44%,0,11,0,10,9,1
209,12436511,arsenal,158,4/10 (40%),44%,3,3,,3,10,3,2/7 (29%),7,5/10 (50%),38%,1.15,28,0,3,7,0,16/42 (38%),0,5,12/22 (55%),0,192,24,,8,4,3,2,8,50%,1,7,0,10,8,2
209,12436511,tottenham,202,6/10 (60%),56%,0,0,,4,11,1,4/11 (36%),6,5/7 (71%),62%,0.46,27,0,10,5,3,26/42 (62%),1,2,11/22 (50%),1,237,25,,6,4,0,2,12,50%,0,11,3,8,12,0
210,12436524,ipswich,186,7/12 (58%),54%,,,,0,15,0,1/5 (20%),3,2/6 (33%),48%,0.14,23,1,8,4,1,14/32 (44%),0,2,4/15 (27%),0,224,18,,1,1,0,0,5,60%,,7,1,1,5,2
210,12436524,brighton,155,5/12 (42%),46%,,,,4,10,5,2/10 (20%),4,4/5 (80%),52%,0.71,19,1,7,2,0,18/32 (56%),0,4,6/19 (32%),0,186,23,,7,0,3,0,7,86%,,3,0,7,7,2
211,12436516,man-utd,254,6/15 (40%),67%,5,2,3,5,11,1,2/9 (22%),8,5/10 (50%),44%,2.57,19,1,5,4,0,19/42 (45%),0,3,6/21 (29%),2,299,28,,12,0,8,1,9,67%,1,9,0,13,9,1
211,12436516,southampton,109,9/15 (60%),33%,0,0,0,4,15,3,1/4 (25%),8,7/8 (88%),56%,0.34,34,1,3,4,5,23/42 (55%),0,5,8/23 (35%),0,151,22,,3,1,0,2,13,62%,0,8,5,5,13,1
212,12436885,newcastle,142,7/16 (44%),58%,1,1,0,2,14,2,1/14 (7%),8,6/8 (75%),53%,0.53,22,4,8,2,4,24/42 (57%),0,1,3/15 (20%),1,186,26,,3,2,3,4,10,40%,,15,4,7,10,0
212,12436885,bournemouth,97,9/16 (56%),42%,1,1,0,2,17,4,4/11 (36%),6,5/9 (56%),47%,1.09,28,1,3,5,2,18/42 (43%),1,8,12/34 (35%),0,135,31,,9,3,6,2,10,40%,,6,2,11,10,4
213,12436440,brentford,109,8/15 (53%),37%,0,0,0,0,21,2,0/7 (0%),4,4/4 (100%),60%,0.29,14,1,6,7,1,16/25 (64%),0,7,13/24 (54%),4,146,22,,5,2,4,1,6,33%,,6,1,6,6,2
213,12436440,liverpool,207,7/15 (47%),63%,2,0,2,7,15,6,6/17 (35%),2,3/7 (43%),40%,1.80,26,1,2,2,5,9/25 (36%),0,1,7/17 (41%),0,244,23,,13,8,3,5,4,25%,,5,5,18,4,1
214,12436442,leicester,166,8/18 (44%),42%,0,0,0,1,9,3,1/11 (9%),7,5/10 (50%),47%,0.21,21,0,5,4,0,19/40 (48%),0,6,8/19 (42%),2,203,25,,3,1,2,1,10,70%,,8,0,4,10,2
214,12436442,fulham,235,10/18 (56%),58%,4,2,2,1,11,1,6/10 (60%),6,4/8 (50%),53%,1.61,37,1,5,1,2,21/40 (53%),0,3,18/36 (50%),0,279,32,,6,5,2,2,12,58%,,12,2,8,12,1
215,12436889,west-ham,276,7/11 (64%),66%,0,0,0,2,8,1,2/7 (29%),7,6/11 (55%),45%,0.15,28,1,4,1,3,15/38 (39%),0,6,13/25 (52%),0,328,30,1,3,2,0,1,6,33%,0,3,3,4,6,2
215,12436889,crystal-palace,129,4/11 (36%),34%,2,1,1,1,7,0,0/6 (0%),5,1/2 (50%),55%,1.16,26,4,9,2,0,23/38 (61%),0,8,7/26 (27%),0,171,23,0,4,1,5,3,12,50%,3,15,0,7,12,0
216,12436443,arsenal,235,11/17 (65%),75%,1,,1,5,3,5,5/19 (26%),4,5/12 (42%),55%,0.69,44,2,12,2,1,20/39 (51%),1,4,14/20 (70%),1,266,16,,7,4,3,5,4,50%,0,6,1,12,4,2
216,12436443,aston-villa,56,6/17 (35%),25%,2,,2,0,23,1,1/5 (20%),3,3/4 (75%),45%,0.92,16,0,6,5,2,19/39 (49%),1,0,10/20 (50%),2,89,21,,3,2,3,2,11,55%,0,4,2,5,11,2
217,12436448,everton,132,8/17 (47%),35%,1,1,0,1,21,0,2/8 (25%),3,5/12 (42%),48%,0.31,26,2,8,5,1,25/52 (48%),0,7,16/30 (53%),0,160,23,,3,3,0,1,14,79%,0,5,1,4,14,1
217,12436448,tottenham,263,9/17 (53%),65%,1,0,1,2,9,5,2/15 (13%),6,9/17 (53%),52%,0.72,34,0,9,8,0,27/52 (52%),0,1,12/22 (55%),0,305,24,,5,1,4,2,10,80%,2,13,0,7,10,0
218,12436883,man-utd,195,8/16 (50%),56%,0,0,0,4,8,4,2/8 (25%),6,1/6 (17%),43%,0.48,28,2,6,0,,15/37 (41%),0,5,16/33 (48%),1,235,24,,6,2,0,0,8,50%,,10,,6,8,3
218,12436883,brighton,151,8/16 (50%),44%,2,0,2,0,13,2,1/6 (17%),3,5/10 (50%),57%,1.10,16,2,7,6,,22/37 (59%),0,3,13/28 (46%),2,190,19,,2,1,2,1,11,45%,,8,,3,11,1
219,12436887,forest,144,8/24 (33%),44%,4,4,0,1,14,2,0/7 (0%),3,6/11 (55%),52%,1.67,33,3,11,1,1,26/42 (62%),0,4,14/30 (47%),2,184,21,,5,4,2,2,9,44%,0,9,1,7,9,0
219,12436887,southampton,200,16/24 (67%),56%,2,1,1,1,19,4,7/14 (50%),5,6/10 (60%),48%,0.61,32,0,2,2,1,16/42 (38%),0,1,6/21 (29%),0,231,26,,5,1,4,1,8,88%,0,4,1,6,8,3
220,12436439,ipswich,143,4/7 (57%),29%,0,0,0,0,11,1,0/5 (0%),3,3/5 (60%),54%,0.11,14,1,4,4,1,17/32 (53%),0,5,8/17 (47%),0,165,14,,1,1,2,2,10,70%,0,3,1,3,10,0
220,12436439,man-city,396,3/7 (43%),71%,3,1,2,3,5,4,0/4 (0%),6,8/12 (67%),46%,1.55,35,0,2,1,2,15/32 (47%),0,2,6/12 (50%),0,421,18,,7,1,4,1,5,60%,1,4,2,8,5,1
221,12436455,chelsea,246,5/9 (56%),61%,2,0,2,2,11,0,4/7 (57%),5,2/8 (25%),43%,2.25,29,3,8,3,3,12/31 (39%),0,4,10/26 (38%),4,283,25,,7,2,4,1,2,100%,0,9,3,8,2,3
221,12436455,wolves,138,4/9 (44%),39%,0,0,0,1,11,2,1/9 (11%),2,3/3 (100%),57%,0.28,20,2,5,2,1,19/31 (61%),0,6,13/33 (39%),1,178,24,,2,0,3,2,11,64%,1,8,1,4,11,1
222,12436891,bournemouth,120,4/14 (29%),47%,3,0,3,2,16,1,2/6 (33%),0,6/7 (86%),66%,1.44,20,1,8,6,3,27/33 (82%),0,5,9/35 (26%),2,159,32,,9,2,7,2,13,69%,,2,3,11,13,1
222,12436891,forest,135,10/14 (71%),53%,1,1,0,4,6,4,5/11 (45%),7,1/7 (14%),34%,0.75,35,2,4,2,3,6/33 (18%),1,3,9/19 (47%),2,177,27,,8,4,3,3,1,100%,,10,3,11,1,3
223,12436895,brighton,310,11/28 (39%),84%,0,,0,2,6,9,4/25 (16%),9,6/10 (60%),47%,0.56,51,1,5,2,0,20/38 (53%),0,3,15/24 (63%),1,354,19,,8,9,1,4,9,11%,,15,0,12,9,2
223,12436895,everton,34,17/28 (61%),16%,0,,0,0,47,0,0/1 (0%),4,4/9 (44%),53%,0.04,14,0,2,10,1,18/38 (47%),0,6,9/30 (30%),1,70,16,,1,1,0,0,13,38%,,2,1,1,13,2
224,12436901,liverpool,340,3/4 (75%),69%,1,0,1,1,6,3,3/11 (27%),8,8/11 (73%),50%,0.73,43,0,5,0,2,19/40 (48%),1,2,11/17 (65%),0,371,21,,4,4,1,2,6,67%,0,8,2,6,6,0
224,12436901,ipswich,136,1/4 (25%),31%,2,1,1,0,20,3,3/6 (50%),3,7/10 (70%),50%,0.48,13,0,3,5,0,21/40 (53%),0,4,9/20 (45%),1,167,22,,2,0,3,1,11,45%,0,7,0,3,11,2
225,12436905,southampton,211,8/10 (80%),54%,0,0,0,4,7,3,2/10 (20%),3,4/7 (57%),59%,0.46,29,0,4,3,2,18/34 (53%),0,3,11/24 (46%),2,247,27,,5,1,3,3,10,30%,0,9,2,8,10,0
225,12436905,newcastle,188,2/10 (20%),46%,3,2,1,3,15,3,1/4 (25%),7,6/9 (67%),41%,1.31,18,0,4,2,3,16/34 (47%),1,6,2/15 (13%),1,221,27,,4,3,4,6,6,67%,2,5,3,10,6,0
226,12436909,wolves,190,5/9 (56%),54%,0,0,,0,14,1,2/7 (29%),4,5/13 (38%),46%,0.29,27,0,4,2,1,23/52 (44%),0,4,9/22 (41%),,222,24,1,3,2,4,3,15,87%,,5,1,6,15,2
226,12436909,arsenal,156,4/9 (44%),46%,1,1,,1,9,4,2/13 (15%),6,4/13 (31%),54%,0.47,27,2,13,5,4,29/52 (56%),0,3,10/20 (50%),,185,24,0,4,1,2,0,12,58%,,11,4,4,12,0
227,12436903,man-city,200,4/8 (50%),49%,2,0,2,0,10,1,0/2 (0%),4,6/9 (67%),50%,0.62,18,1,3,2,1,18/36 (50%),0,3,14/32 (44%),0,240,24,,2,1,3,2,9,78%,0,9,1,4,9,2
227,12436903,chelsea,206,4/8 (50%),51%,1,1,0,1,6,3,0/7 (0%),4,7/12 (58%),50%,0.18,16,1,4,2,1,18/36 (50%),0,3,14/29 (48%),1,245,19,,3,2,1,1,7,57%,0,19,1,4,7,1
228,12436897,crystal-palace,107,10/18 (56%),54%,1,,1,3,17,1,2/10 (20%),3,1/3 (33%),51%,0.87,34,3,8,3,2,13/27 (48%),1,2,13/36 (36%),0,157,21,,5,5,3,6,4,100%,,10,2,11,4,1
228,12436897,brentford,78,8/18 (44%),46%,1,,1,0,30,3,2/7 (29%),0,4/8 (50%),49%,1.05,21,2,4,5,2,14/27 (52%),0,2,5/36 (14%),0,133,22,,3,2,4,3,5,80%,,10,2,6,5,2
229,12436907,tottenham,214,12/22 (55%),64%,1,1,0,4,5,5,4/20 (20%),7,3/9 (33%),46%,0.35,35,3,7,1,0,14/34 (41%),1,5,11/19 (58%),3,266,27,,5,3,2,4,4,50%,,16,0,9,4,1
229,12436907,leicester,104,10/22 (45%),36%,1,0,1,1,19,0,1/3 (33%),2,3/5 (60%),54%,1.16,25,0,4,6,2,20/34 (59%),0,9,11/38 (29%),1,159,29,,2,1,2,2,13,62%,,5,2,4,13,5
230,12436893,aston-villa,167,9/20 (45%),48%,0,0,0,1,15,2,1/9 (11%),7,2/13 (15%),38%,0.29,18,1,7,7,2,17/48 (35%),0,5,5/15 (33%),0,198,25,,3,4,1,3,9,56%,,8,2,6,9,1
230,12436893,west-ham,171,11/20 (55%),52%,4,3,1,1,10,1,6/12 (50%),4,9/14 (64%),62%,0.98,38,1,5,5,1,31/48 (65%),0,8,19/34 (56%),1,211,30,,5,4,4,4,18,56%,,7,1,9,18,2
231,12436899,fulham,196,9/20 (45%),53%,,,,0,4,3,6/17 (35%),3,1/5 (20%),49%,0.43,26,0,3,1,0,12/23 (52%),0,5,10/21 (48%),1,231,22,,4,3,1,0,8,50%,,10,0,4,8,0
231,12436899,man-utd,189,11/20 (55%),47%,,,,1,13,0,0/3 (0%),4,0/4 (0%),51%,0.07,20,1,4,7,0,11/23 (48%),0,4,12/27 (44%),2,221,21,,0,1,1,3,7,29%,,9,0,3,7,1
232,12436930,forest,103,8/11 (73%),34%,5,1,4,1,21,2,1/7 (14%),9,7/10 (70%),49%,2.42,14,2,6,4,3,21/48 (44%),0,5,11/26 (42%),0,138,30,,6,1,5,1,9,56%,0,8,3,7,9,0
232,12436930,brighton,215,3/11 (27%),66%,0,0,0,0,3,4,3/14 (21%),2,9/16 (56%),51%,0.23,29,2,6,0,1,27/48 (56%),0,2,6/21 (29%),0,260,29,,1,2,2,3,12,75%,0,5,1,4,12,1
233,12436911,bournemouth,135,4/9 (44%),51%,3,3,0,1,12,1,4/11 (36%),1,2/9 (22%),49%,1.41,32,0,7,4,0,21/42 (50%),1,5,11/23 (48%),1,174,27,,5,7,1,4,12,25%,1,5,0,9,12,2
233,12436911,liverpool,129,5/9 (56%),49%,1,1,0,4,18,2,1/6 (17%),7,3/8 (38%),51%,0.58,14,1,11,10,2,21/42 (50%),0,6,8/27 (30%),1,171,22,,4,3,1,4,8,38%,0,7,2,8,8,3
234,12436921,everton,157,7/11 (64%),47%,3,2,1,1,11,2,2/5 (40%),6,5/8 (63%),57%,1.02,27,1,10,2,1,21/38 (55%),0,2,13/26 (50%),0,205,29,,5,2,3,1,7,57%,1,12,1,6,7,
234,12436921,leicester,184,4/11 (36%),53%,0,0,0,5,10,4,2/10 (20%),5,3/5 (60%),43%,0.26,29,1,5,2,2,17/38 (45%),0,3,10/25 (40%),1,228,29,,3,1,1,4,9,67%,0,7,2,7,9,
235,12436924,ipswich,271,8/19 (42%),67%,0,0,0,1,6,0,1/7 (14%),9,9/16 (56%),46%,0.47,40,3,6,2,1,24/50 (48%),0,1,11/24 (46%),0,307,37,,3,3,2,3,9,33%,0,12,1,6,9,0
235,12436924,southampton,112,11/19 (58%),33%,1,0,1,2,15,2,2/5 (40%),4,3/8 (38%),54%,0.64,28,0,7,5,2,26/50 (52%),0,6,11/33 (33%),4,153,40,,4,1,2,1,16,75%,0,3,2,5,16,2
236,12436928,newcastle,168,5/11 (45%),55%,1,1,0,1,8,2,2/11 (18%),4,2/4 (50%),49%,0.22,31,1,9,4,2,13/26 (50%),1,0,10/29 (34%),2,210,20,,4,2,1,0,3,0%,0,13,2,4,3,2
236,12436928,fulham,131,6/11 (55%),45%,1,0,1,5,18,5,5/14 (36%),2,4/5 (80%),51%,1.34,23,1,3,3,1,13/26 (50%),0,6,13/26 (50%),0,167,29,,7,2,4,4,6,67%,0,6,1,11,6,2
237,12436932,wolves,80,2/10 (20%),26%,0,0,0,0,19,0,0/1 (0%),4,5/10 (50%),45%,0.18,11,2,4,2,3,22/43 (51%),0,8,6/18 (33%),4,104,24,,1,1,1,1,13,46%,0,5,3,2,13,1
237,12436932,aston-villa,268,8/10 (80%),74%,1,1,0,3,3,2,0/12 (0%),6,4/11 (36%),55%,0.36,40,3,8,5,0,21/43 (49%),0,2,9/12 (75%),3,301,14,,4,1,3,3,9,67%,1,10,0,7,9,0
238,12436916,brentford,207,10/17 (59%),60%,2,2,0,1,4,5,7/23 (30%),8,3/8 (38%),51%,1.04,36,2,3,4,0,19/40 (48%),1,1,15/22 (68%),0,246,26,,6,8,2,5,13,62%,0,11,0,11,13,0
238,12436916,tottenham,143,7/17 (41%),40%,1,0,1,0,24,1,0/3 (0%),8,5/10 (50%),49%,0.48,22,0,3,9,1,21/40 (53%),0,4,12/24 (50%),1,178,22,,2,2,1,1,13,62%,2,6,1,3,13,0
239,12436925,man-utd,210,8/17 (47%),66%,0,0,0,3,5,5,2/13 (15%),5,3/11 (27%),46%,0.43,34,2,7,4,0,18/40 (45%),0,7,14/29 (48%),0,261,32,,3,2,2,4,8,63%,0,12,0,7,8,3
239,12436925,crystal-palace,89,9/17 (53%),34%,2,0,2,0,27,0,0/1 (0%),7,3/4 (75%),54%,1.47,27,1,7,4,2,22/40 (55%),1,8,4/24 (17%),0,139,36,,3,2,2,1,13,46%,1,9,2,4,13,1
240,12436913,arsenal,198,4/5 (80%),53%,0,0,0,2,7,4,1/9 (11%),8,6/8 (75%),60%,0.55,21,2,3,2,0,17/30 (57%),0,3,11/19 (58%),1,220,20,,6,1,5,2,8,38%,1,6,0,8,8,1
240,12436913,man-city,176,1/5 (20%),47%,1,0,1,0,13,0,0/2 (0%),6,1/3 (33%),40%,0.36,18,1,2,3,1,13/30 (43%),0,2,8/17 (47%),0,201,16,,1,0,1,0,10,60%,0,6,1,1,10,0
241,12436919,chelsea,262,9/16 (56%),72%,1,0,1,6,10,1,2/10 (20%),3,3/6 (50%),57%,0.79,33,0,4,5,2,20/35 (57%),0,1,8/21 (38%),0,311,21,,7,3,1,3,13,85%,0,12,2,10,13,3
241,12436919,west-ham,79,7/16 (44%),28%,1,1,0,3,16,1,3/8 (38%),5,3/11 (27%),43%,1.03,21,0,6,7,1,15/35 (43%),1,7,8/27 (30%),1,114,21,,6,5,2,4,6,50%,0,5,1,10,6,1
242,12436937,brighton,144,7/16 (44%),33%,4,4,0,1,18,0,1/2 (50%),6,5/10 (50%),48%,1.07,19,1,10,2,1,22/44 (50%),1,8,11/26 (42%),1,184,25,,6,5,3,3,9,78%,0,5,1,9,9,1
242,12436937,chelsea,318,9/16 (56%),67%,0,0,0,1,2,6,0/14 (0%),3,4/10 (40%),52%,0.14,27,1,7,6,2,22/44 (50%),0,3,8/17 (47%),1,360,22,,2,1,0,0,11,9%,0,5,2,2,11,1
243,12436943,leicester,96,8/17 (47%),43%,0,0,0,1,13,3,4/12 (33%),6,8/11 (73%),52%,0.08,29,0,5,4,2,25/46 (54%),0,6,7/26 (27%),1,146,24,,1,1,1,2,13,46%,0,12,2,3,13,2
243,12436943,arsenal,160,9/17 (53%),57%,2,0,2,2,17,5,2/12 (17%),8,5/10 (50%),48%,0.98,19,1,7,2,1,21/46 (46%),2,2,6/12 (50%),0,192,24,,4,1,4,3,9,67%,1,9,1,7,9,1
244,12436934,aston-villa,314,6/10 (60%),86%,4,3,1,5,3,12,3/19 (16%),5,6/13 (46%),57%,1.49,32,3,7,1,0,18/32 (56%),1,3,6/8 (75%),2,343,24,0,11,7,5,6,5,60%,0,5,0,17,5,0
244,12436934,ipswich,22,4/10 (40%),14%,0,0,0,0,19,1,2/3 (67%),3,2/4 (50%),43%,0.12,13,0,0,9,5,14/32 (44%),0,7,6/26 (23%),0,56,15,0,1,0,1,0,12,33%,0,9,5,1,12,3
245,12436940,fulham,130,8/14 (57%),43%,2,1,1,4,18,6,3/17 (18%),3,0/2 (0%),44%,0.94,22,2,5,3,1,9/25 (36%),0,4,16/26 (62%),1,159,24,,13,4,5,0,4,100%,,5,1,13,4,
245,12436940,forest,181,6/14 (43%),57%,0,0,0,3,16,3,4/14 (29%),2,5/7 (71%),56%,0.26,27,1,6,3,4,16/25 (64%),0,2,13/25 (52%),1,216,19,,4,2,1,2,5,60%,,8,4,6,5,
246,12436948,man-city,284,3/5 (60%),64%,1,0,1,2,9,3,4/6 (67%),6,3/12 (25%),46%,0.80,29,2,8,1,1,16/36 (44%),0,2,14/20 (70%),0,303,19,,2,0,3,3,5,80%,,4,1,5,5,0
246,12436948,newcastle,139,2/5 (40%),36%,0,0,0,0,11,2,2/7 (29%),4,1/2 (50%),54%,0.41,9,1,4,0,2,20/36 (56%),0,1,4/10 (40%),2,165,22,,1,0,1,0,15,53%,,6,2,1,15,1
247,12436950,southampton,177,12/23 (52%),50%,1,1,0,4,11,4,4/14 (29%),6,9/14 (64%),55%,0.74,28,3,10,3,3,31/55 (56%),0,6,9/20 (45%),,217,25,,7,2,4,3,12,67%,1,6,3,10,12,0
247,12436950,bournemouth,183,11/23 (48%),50%,1,1,0,2,16,2,1/7 (14%),7,6/11 (55%),45%,0.43,29,0,7,2,3,24/55 (44%),0,4,15/34 (44%),,225,24,,5,0,3,0,11,45%,1,10,3,5,11,1
248,12436956,west-ham,213,10/19 (53%),60%,1,1,0,5,7,7,3/18 (17%),6,4/8 (50%),57%,0.65,30,3,8,0,1,26/44 (59%),1,1,5/17 (29%),1,250,25,,5,3,2,5,14,43%,0,10,1,10,14,0
248,12436956,brentford,127,9/19 (47%),40%,0,0,0,1,17,1,2/7 (29%),10,3/7 (43%),43%,0.20,25,0,5,5,2,18/44 (41%),0,3,13/33 (39%),0,173,22,,3,1,1,0,10,50%,0,6,2,3,10,0
249,12436939,crystal-palace,187,13/29 (45%),57%,1,0,1,4,19,5,4/12 (33%),7,2/5 (40%),49%,1.23,32,1,7,2,3,18/34 (53%),0,1,4/26 (15%),1,248,26,,7,5,3,5,9,67%,1,10,3,12,9,0
249,12436939,everton,137,16/29 (55%),43%,1,1,0,4,32,2,2/9 (22%),4,3/8 (38%),51%,0.72,34,2,3,6,2,16/34 (47%),0,7,17/36 (47%),1,186,23,,5,0,4,3,10,30%,0,9,2,8,10,1
250,12436945,liverpool,183,3/7 (43%),47%,0,0,0,0,11,0,2/2 (100%),4,2/8 (25%),45%,0.00,23,0,6,6,2,18/40 (45%),0,10,13/26 (50%),4,215,18,,0,0,0,0,10,50%,1,13,2,0,10,1
250,12436945,wolves,206,4/7 (57%),53%,1,1,0,4,6,2,1/6 (17%),0,6/16 (38%),55%,1.11,26,2,6,1,0,22/40 (55%),0,2,7/16 (44%),1,243,23,,4,3,3,6,10,70%,1,9,0,10,10,0
251,12436952,tottenham,160,4/8 (50%),44%,0,0,0,8,16,8,6/18 (33%),9,10/21 (48%),46%,1.22,23,2,2,5,4,20/44 (45%),0,2,2/10 (20%),0,191,30,,14,5,4,3,8,38%,1,6,4,17,8,1
251,12436952,man-utd,205,4/8 (50%),56%,1,1,0,3,12,4,6/17 (35%),7,1/2 (50%),54%,0.87,30,0,4,4,4,24/44 (55%),0,7,13/26 (50%),3,245,33,,8,1,4,0,20,65%,1,5,4,8,20,1
252,12436623,leicester,155,5/12 (42%),42%,0,0,0,2,14,1,0/12 (0%),3,3/6 (50%),40%,0.10,16,1,5,4,2,12/30 (40%),0,9,5/13 (38%),1,181,19,,1,1,0,2,4,50%,0,7,2,3,4,1
252,12436623,brentford,217,7/12 (58%),58%,1,1,0,4,11,5,4/11 (36%),1,8/11 (73%),60%,0.56,29,1,4,3,0,18/30 (60%),0,3,16/27 (59%),0,253,25,,6,1,3,2,6,100%,0,6,0,8,6,0
253,12436625,everton,92,11/23 (48%),33%,2,2,0,1,22,4,4/12 (33%),6,2/8 (25%),45%,0.45,30,0,5,2,1,19/43 (44%),0,5,12/27 (44%),0,131,25,,4,0,4,1,12,67%,0,6,1,5,12,3
253,12436625,man-utd,235,12/23 (52%),67%,1,1,0,4,18,5,2/14 (14%),6,5/11 (45%),55%,0.37,27,4,8,1,4,24/43 (56%),0,6,14/28 (50%),0,275,33,,3,0,3,4,12,50%,2,6,4,7,12,1
254,12436960,arsenal,276,7/17 (41%),72%,0,0,0,5,3,1,5/19 (26%),4,2/5 (40%),54%,0.76,33,3,11,2,1,23/39 (59%),0,3,5/10 (50%),0,303,22,1,9,5,1,2,11,36%,,7,1,11,11,1
254,12436960,west-ham,89,10/17 (59%),28%,0,0,0,0,27,0,0/3 (0%),7,1/5 (20%),46%,0.03,24,1,9,7,1,16/39 (41%),0,5,12/35 (34%),1,122,19,0,1,0,1,0,7,29%,,7,1,1,7,3
255,12436958,bournemouth,130,7/17 (41%),40%,0,0,0,1,15,3,2/16 (13%),7,6/15 (40%),39%,0.06,37,1,5,2,3,17/45 (38%),0,5,16/30 (53%),1,174,34,0,1,0,0,0,6,33%,0,9,3,1,6,2
255,12436958,wolves,230,10/17 (59%),60%,1,1,0,2,20,7,0/10 (0%),5,4/5 (80%),61%,0.95,29,0,8,5,0,28/45 (62%),0,6,5/27 (19%),1,282,35,0,4,2,2,2,16,63%,1,6,0,6,16,1
256,12436624,fulham,256,6/9 (67%),67%,0,0,,3,10,3,2/14 (14%),9,2/9 (22%),39%,0.16,40,2,5,2,2,13/40 (33%),0,7,15/32 (47%),0,306,32,,3,4,0,4,6,33%,0,10,2,7,6,0
256,12436624,crystal-palace,106,3/9 (33%),33%,2,2,,1,16,3,1/4 (25%),2,7/11 (64%),61%,1.06,31,0,4,4,0,27/40 (68%),0,5,13/32 (41%),1,154,30,,4,0,3,0,16,38%,1,9,0,4,16,2
257,12436629,ipswich,176,0/4 (0%),49%,0,0,0,4,2,3,4/14 (29%),6,0/2 (0%),50%,0.22,27,3,8,4,0,21/38 (55%),0,3,9/26 (35%),1,210,21,,3,1,0,2,13,38%,,6,0,5,13,0
257,12436629,tottenham,205,4/4 (100%),51%,0,0,0,1,10,2,1/2 (50%),9,1/5 (20%),50%,0.20,19,1,8,1,0,17/38 (45%),0,2,9/20 (45%),0,234,22,,3,0,2,0,8,50%,,4,0,3,8,0
258,12436965,southampton,133,8/17 (47%),40%,0,0,0,1,10,2,1/5 (20%),2,4/9 (44%),39%,0.09,18,0,3,2,6,10/29 (34%),0,8,9/30 (30%),1,175,28,,2,1,1,1,3,67%,0,5,6,3,3,1
258,12436965,brighton,226,9/17 (53%),60%,6,4,2,1,10,4,3/8 (38%),3,7/7 (100%),61%,2.74,31,1,5,3,1,19/29 (66%),1,4,9/25 (36%),0,269,25,,10,1,9,1,7,29%,2,7,1,11,7,0
259,12436621,aston-villa,214,3/7 (43%),57%,2,1,1,2,10,2,1/7 (14%),6,8/13 (62%),48%,1.48,23,2,8,4,3,21/43 (49%),0,5,5/10 (50%),0,243,26,,6,1,4,1,6,50%,1,7,3,7,6,1
259,12436621,chelsea,155,4/7 (57%),43%,1,1,0,0,13,1,0/6 (0%),2,5/9 (56%),52%,0.77,21,0,7,4,2,22/43 (51%),0,4,6/21 (29%),0,183,24,,3,2,4,3,11,45%,2,7,2,6,11,3
260,12436963,newcastle,136,12/16 (75%),45%,0,0,0,2,25,2,1/3 (33%),7,5/11 (45%),54%,0.15,20,0,7,9,0,22/47 (47%),1,7,9/25 (36%),1,179,31,,3,1,0,0,11,82%,,7,0,3,11,1
260,12436963,forest,160,4/16 (25%),55%,4,2,2,5,6,4,7/17 (41%),1,4/14 (29%),46%,1.56,34,2,9,1,0,25/47 (53%),0,2,6/23 (26%),0,214,31,,8,5,2,4,13,62%,,14,0,12,13,3
261,12436627,man-city,314,3/6 (50%),64%,0,0,,4,6,3,2/8 (25%),6,10/16 (63%),47%,0.46,45,1,4,1,2,15/32 (47%),0,2,6/15 (40%),0,345,30,,5,2,2,3,2,50%,0,8,2,8,2,
261,12436627,liverpool,149,3/6 (50%),36%,1,1,,1,19,3,2/6 (33%),2,3/3 (100%),53%,0.37,13,0,2,8,2,17/32 (53%),0,2,8/24 (33%),2,188,29,,4,2,2,1,12,83%,1,3,2,5,12,
